token,fullname,symbol,coingecko_id
FXHASH,fxhash,FXHASH,
KOKOK,KoKoK The Roach,KOKOK,kokok-the-roach
SO,Soul Labs,SOUL,
ASET,AssetLink,ASET,assetlink
WAYFINDER,Wayfinder,PROMPT,wayfinder
NILLION,Nillion,NIL,nillion
WAL,Walrus,WAL,walrus-2
CHEEMS,Cheems Token,CHEEMS,cheems-token
TRUMPOFFICIALTRUMP,Official Trump,TRUMP,official-trump
DAOSFUN,daos.fun,DAOSFUN,
SHATTERLINE,Shatterline FPS,SHATTERLINE,
INJ,Injective,INJ,injective-protocol
SPDR,SpiderSwap,SPDR,spiderswap
SNM,SONM (BEP-20),SNM,sonm
TKO,Toko Token,TKO,tokocrypto
ARPA,ARPA Chain,ARPA,arpa
MFT,Hifi Finance,MFT,hifi-finance
SUN,Sun (New),SUN,sun-token
STPT,Standard Tokenization Protocol,STPT,stp-network
TTT,The Transfer Token,TTT,
RNDR,Render Token,RNDR,render-token
SXP,Swipe Token,SWIPE,swipe
SUSD,sUSD,SUSD,nusd
IOST,IOST,IOST,iostoken
CRV,Curve DAO Token,CRV,curve-dao-token
USDN,Neutrino USD,USDN,
BUSD,Binance USD,BUSD,binance-usd
RATS,Rats (Ordinals),RATS,rats
VANRY,Vanar,VANRY,vanar-chain
CUSDC,Compound USD Coin,CUSDC,compound-usd-coin
VCNT,ViciNFT,VCNT,vicicoin
REAL,Realy Metaverse,REAL,realy-metaverse
$MICHI,MichiCoin,$MICHI,michicoin
PLS,PlutusDAO,PLS,plutusdao
ENA,Ethena,ENA,ethena
MNT,Mantle,MNT,mantle
ARB,Arbitrum,ARB,arbitrum
AAVE,Aave,AAVE,aave
FET,Fetch.ai,FET,fetch-ai
stETH,Lido Staked ETH,stETH,staked-ether
ICP,Internet Computer,ICP,internet-computer
UNI,Uniswap,UNI,uniswap
STX,Stacks,STX,blockstack
OKB,OKB,OKB,okb
USDT,Tether,USDT,tether
XLM,Stellar,XLM,stellar
DOGE,Dogecoin,DOGE,dogecoin
LTC,Litecoin,LTC,litecoin
PEPE,Pepe,PEPE,pepe
WBT,WhiteBIT,WBT,whitebit
ORDINALSWALLET,Ordinals Wallet,ORDIWALLET,
GYFI,Gyroscope,GYFI,
CITYDAO,City DAO,CITYDAO,
SUPERPOSITION,Superposition,SPO,
MEDALLION,Medallion,MEDALLION,
LINENEXT,LINE NEXT,LINENEXT,
NEXON,EraLend,ERALEND,
LYVE,Lyve Finance,LYVE,lyve-finance
DEBANK,DeBank,DEBANK,
CHAINEDGE,ChainEdge,CHAINEDGE,
SELFCHAIN,Self Chain,SELFCHAIN,
CELL,CellMates,CELL,cellmates
POTATO,PotatoSwap,POTATO,
INTMAX,Intmax,INTMAX,
TABLELAND,Tableland,TABLELAND,
D1,District One,D1,
CUBE,Cube Exchange,CUBE,
UXUY,UXUY,UXUY,
MORPHOLABS,Morpho Labs,MORPHOLABS,
SUCCINCT,Succinct,SUCCINCT,
AGC,Argocoin,AGC,argocoin
CTG,Crypto: The Game,CTG,
XLAYER,X Layer,XLAYER,
HYPERSPACE,Hyperspace,HYPERSPACE,
HINKAL,Hinkal,HINKAL,
SKYMAVIS,Sky Mavis,SKYMAVIS,
DAPDAP,DapDap,DAPDAP,
CARTRIDGE,Cartridge,CARTRIDGE,
THEBLOCK,The Block,THEBLOCK,
MOONVEIL,Moonveil,MOONVEIL,
ASTRARK,AstrArk,ASTRARK,
PRIMEV,Primev,PRIMEV,
UNION,Union,UNION,
IGNITE,Ignite Tournaments,IGNITE,
COMM,Comm,COMM,
CURIO,Curio NFT,CURIO,
HALOFI,Halofi,HALOFI,
SPIN,Spin,SPIN,
OWNERSHIP,Ownership Labs,OWNERSHIP,
ROLL,Roll,ROLL,
ESPREZZO,Esprezzo,ESPREZZO,
PHANTOM,Phantom,PHANTOM,
XION,XION,XION,
CAMP,Camp Network,CAMP,
METAMETADAO,MetaDAO,META,
ELE,Elefant,ELE,elefant
RBNT,Redbelly Network Token,RBNT,redbelly-network-token
ELXR,Elixir Finance,ELXR,elixir-finance
clonex,CLONE X - X TAKASHI MURAKAMI,CLONEX,
doodles-official,Doodles,DOODLE,
pudgypenguins,Pudgy Penguins,PPG,
decentraland,Decentraland LAND,LAND,
winds-of-yawanawa,Winds of Yawanawa by Yawanawa and Refik Anadol,YAWANAWA,
taproot-wizards,Taproot Wizards,TWZ,
DINOSTY,Age of Dino,DINOSTY,
BTCL2,B² Network,BTCL2,
PIXELS,Pixels - Farm Land,PIXELS,
LASOGETTE,Lasogette,LASOGETTE,
MITOSIS,Mitosis,MITOSIS,
MON,Pixelmon,MON,
SNL,Sport and Leisure,SNL,
NUKE,Nukem Loans,NUKE,nuk-em-loans
ITX,Intellix,ITX,intellix
CRYODAO,CryoDAO,CRYODAO,cryodao
DEBRIDGE,deBridge,DEBRIDGE,debridge
NICK,richnick,NICK,i-choose-rich-everytime
RAGNAROK,Ragnarok: Monster World,MONSTERWORLD,
LANDVERSE,Ragnarok Landverse,LANDVERSE,
KUZCO,Kuzco,KUZCO,
ROOTDATA,RootData,ROOTDATA,
SENTIENT,Sentient,SENTIENT,
KEMONOKAKI,Kemonokaki,KEMONOKAKI,
VOYA,Merlin Chain Bridged VOYA (Merlin),VOYA,merlin-chain-bridged-voya-merlin
SPACENATION,Space Nation,SPACENATION,
PARAVOX,PARAVOX,PARAVOX,
ZSUM,ZeroSum,ZSUM,zerosum
B3K,Battle of Three Kingdoms,B3K,
CONDUIT,Conduit,CONDUIT,
ONGONGOD,On God,ONG,
BONKBOT,BonkBot,BONKBOT,
OSTIUMLABS,Ostium Labs,OSTIUMLABS,
WARRIORS,Forgotten Runes Warriors Guild,WARRIORS,
CYSIC,Cysic,CYSIC,
OPTIM,Optim Finance,OPTIM,optim
FLUENT,Fluent,FLUENT,
FIBROUS,Fibrous,FIBROUS,
PIZZA,Pizza (BRC-20),PIZZA,pizza-brc20
BFX,Blast Futures Token,BFX,blast-futures-token
JEDISWAP,Jediswap,JEDISWAP,
NIMBORA,Nimbora,NIMBORA,
TRONLINK,TronLink,TRONLINK,
MADARASTARKNET,Madara Starknet,MADARASTARKNET,
TANX,TanX,TANX,
ZAPPER,Zapper,ZAPPER,zapper-protocol
GOL2,GoL2,GOL2,
POSEMESH,Posemesh,POSEMESH,
PARASAIL,Parasail,PARASAIL,
10KX,10KX,10KX,
DONEXFINANCE,DonexFinance,DONEXFINANCE,
STARKURABU,Starkurabu,STARKURABU,
STARKNETSOCIAL,StarknetSocial,STARKNETSOCIAL,
OPUS,Opus,OPUS,
UNFRAMED,Unframed,UNFRAMED,
PROTOSS,Protoss,PROTOSS,
PEPAY,PEPAY (ETH),PEPAY,
NETHERMIND,Nethermind,NETHERMIND,
WONDERSTRUCK,Wonderstruck,WONDERSTRUCK,
SOON,SOON,SOON,
INFOMON,Infomon,INFOMON,
DOLVENLABS,Dolven Labs,DOLVENLABS,
PIXELAW,PixeLAW,PIXELAW,
ARKPROJECT,Ark Project,ARKPROJECT,
SOFTWAREMANSION_XYZ,softwaremansion.xyz,SOFTWAREMANSION_XYZ,
EARLYSTARKERS,Early STARKers,EARLYSTARKERS,
TSUBASASTARKNET,Tsubasa Starknet,TSUBASASTARKNET,
XARXAR,XAR,XAR,
SOBB,SoBit,SOBB,sobit-bridge
SMOG,Smog,SMOG,smog
PIXELVERSE,Pixelverse,PIXELVERSE,pixelverse-xyz
METAMATERIAL,MetaMaterial,METAMATERIAL,
COGNI,Cogni,COGNI,
HOLONYM,Holonym,HOLONYM,
COINBASE,Coinbase,COINBASE,coinbase-wrapped-staked-eth
DPLN,DePlan,DPLN,deplan
W3GG,W3GG,W3GG,w3gg
RND,Rand,RND,rand
KIBBLE,Kibble,KIBBLE,kibble
FATGF,FATGF,FATGF,fatgf
BUTT,Buttercat,BUTT,buttercat
OPENGRADIENT,OpenGradient,OPENGRADIENT,
UNIT,Unit Network,UNIT,unit-network
AI16Z,ai16z,AI16Z,ai16z
MOONRAY,Moonray.game,MOONRAY,moonray
BIO,BIO Protocol,BIO,bio-protocol
DEBLOCK,Deblock,DEBLOCK,
GLACIS,Glacis Labs,GLACIS,
SIRIUS,first reply,SIRIUS,first-reply
LTAI,LibertAI,LTAI,libertai
OKTO,Okto,OKTO,
LOMBARD,Lombard,LOMBARD,
STUDIOMIRAI,STUDIO MIRAI,STUDIOMIRAI,
NS,SuiNS Token,NS,suins-token
PROJECT89,Project89,PROJECT89,project89
SIGNATURE,Signature by Jack Butcher,SIGNATURE,
SHOGGOTH,Shoggoth,SHOGGOTH,shoggoth
ELI5DEFI,Eli5DeFi,ELI5DEFI,
SAHARAAI,Sahara AI,SAHARAAI,
PSYPSYDAO,PsyDAO,PSY,psydao
RIFAMPICIN,Rifampicin,$RIF,rifampicin
BRAHMA,Brahma,BRAHMA,
VVAIFU,Dasha,VVAIFU,dasha
SONIC,Sonic,SONIC,sonic-svm
UNISAT,UniSat,UNISAT,
AXAL,Axal,AXAL,
NAVAL AI,NAVAL AI,NAVAL AI,naval-ai
NUFFLELABS,Nuffle Labs,NUFFLELABS,
TABI,Tabi,TABI,
MULTIPLIER,Multiplier,MULTIPLIER,
CAPX,Capx,CAPX,
SAPPY SEALS,Sappy Seals,SAPPY SEALS,
SPICENET,Spicenet,SPICENET,
BLOODLOOP,BloodLoop,BLOODLOOP,bloodloop
DZ,DZ,DZ,
NEBRANEBRA,Nebra,NEBRA,
WANDERERS,Wanderers,WANDERERS,
SPARKBALL,Sparkball,SPARKBALL,
FXN,FXN,FXN,fxn
PVP,pvp.trade,PVP,
MET,Meteora,MET,
TODAY,Today,TODAY,
SFL,Sunflower Land,SFL,sunflower-land
U2UU2UNETWORK,U2U Network,U2U,unicorn-ultra
GNUS,GNUS AI,GNUS,genius-ai
OMO,Omo,OMO,
CASTLE OF BLACKWATER,Castle Of Blackwater,CASTLE OF BLACKWATER,
KOII,Koii Network,KOII,koii
SEMANTIC,Semantic Layer,SEMANTIC,
AIPUMP,aiPump,AIPUMP,aipump
ALCH,Alchemist AI,ALCH,alchemist-ai
LLM,Large Language Model,LLM,large-language-model
APY,AgentiPy,APY,agentipy
D3,D3,D3,
XYRO,XYRO,XYRO,xyro
GTE,GTE,GTE,
ZKCLOUD,ZkCloud,ZKCLOUD,
BMT,Bubblemaps,BMT,bubblemaps
OSYSTEMS,O.SYSTEMS,OSYSTEMS,
VAPOR,Vapor,VAPOR,vapor
GAIB,GAIB,GAIB,
BARRON,Official Barron Meme,BARRON,
INCO,Inco,INCO,
AVRK,Avarik Saga,AVRK,avarik-saga
SNARKIFY,Snarkify,SNARKIFY,
ETHOSNETWORK,Ethos Network,ETHOSNETWORK,
VVVVENICETOKEN,Venice Token,VVV,venice-token
BOLTBOLT,bolt,BOLT,
YEIFINANCE,Yei Finance,YEIFINANCE,
MINTY,Minterest,MINTY,minterest
STORYPROTOCOL,Story,IP,story-2
GRVT,GRVT,GRVT,
POLARIS,Polaris,POLARIS,
FLUXFLUX,Flux,FLUX,zelcash
INFINI,Infini,INFINI,
CAR,Central African Republic Meme,CAR,central-african-republic-meme
FOGO,Fogo,FOGO,
MENDI,Mendi Finance,MENDI,mendi-finance
FLEEK,Fleek,FLEEK,
PAIN,PAIN,PAIN,pain
LOOPSCALE,Loopscale,LOOPSCALE,
AGNT,iAgent,AGNT,
SLINGSHOTDAO,SlingshotDAO,SLINGSHOTDAO,slingshot-2
XFORGE,XForge,XFORGE,
SPICE,Lowlife Forms,SPICE,
PARTICLE,Particle,PARTICLE,particle-trade
ECLIPSE,Eclipse,ES,eclipse-3
BERA,Berachain,BERA,berachain-bera
ALKIMIYA,Alkimiya,ALKIMIYA,
MERCLE,Mercle,MERCLE,
MINDNETWORK,Mind Network,MINDNETWORK,mind-network
KIBBLEKIBBLE,Kibble,KIBBLE,kibble-2
NATIVE,Native,NATIVE,
EPT,Balance,EPT,balance
TOWNS,Towns,TOWNS,towns
NYT,Novastro Chain,NOVAS,
MILKYWAY,MilkyWay,MILKYWAY,milkyway-2
SIGN,Sign,SIGN,sign-global
USDS,USDS,USDS,usds
USR,Resolv USR,USR,resolv-usr
SCUSD,Rings scUSD,SCUSD,rings-scusd
THEO,Theo,THEO,
BITLAYER,Bitlayer,BITLAYER,bitlayer-bitvm
NEUTRL,Neutrl,NEUTRL,
ZORA,Zora,ZORA,zora
TEN,tenprotocol,TEN,obscuro
MOONOPOL,moonopol,MOONOPOL,
GAUNTLETNETWORK,Gauntlet Network,GAUNTLETNETWORK,
STO,StakeStone,STO,stakestone
COMMONCOMMON,Common,COMMON,
GIZA,Giza,GIZA,
INTUITION,Intuition,TRUST,
IFR,Inferium Ai,IFR,
FLAGSHIP,Flagship,FLAGSHIP,
ALTIUS,Altius,ALTIUS,
LEMON,Lemonrocks,LEMON,lemonrocks
LUCI,LUCI,LUCI,luci
CATI,Catizen,CATI,catizen
SIGMA,Sigma,SIGMA,sigma
COBY,coby,COBY,coby
A8,Ancient8,A8,ancient8
GOU,Gou,GOU,gou
GINNAN,Ginnan The Cat,GINNAN,ginnan-the-cat
DINERO,Dinero,DINERO,dinero-2
MIGGLES,Mister Miggles,MIGGLES,mister-miggles
GORPLES,Gorples Coin,GORPLES,
TROG,Trog,TROG,trog
JOEJOECOIN,Joe Coin,JOE,joe-coin
GLQ,GraphLinq Chain,GLQ,graphlinq-protocol
BOBBY,Bobby,BOBBY,bobby
OPEN,Open Custody Protocol,OPEN,qredo
MASA,Masa,MASA,masa-finance
AMU,Amulet Protocol,AMU,amulet-protocol
BOOP,Boop,BOOP,boop-2
EDEN,EDEN,EDEN,eden
NYAN,Nyan Heroes,NYAN,nyan
AZUR,Azuro,AZUR,azuro-protocol
CU,Crypto Unicorns,CU,crypto-unicorns
QUIL,Quilibrium,QUIL,wrapped-quil
TAI,TARS Protocol,TAI,tars-protocol
NGL,Entangle,NGL,entangle
TOKA,TOKA,TOKA,toka-2
RETARDIO,RETARDIO,RETARDIO,retardio
AIUS,Arbius,AIUS,arbius
RIO,Realio,RIO,realio-network
OMNIOMNINETWORK,Omni Network,OMNI,omni-network
MFER,mfercoin,MFER,mfercoin
BAG,catwifbag,BAG,catwifbag
NEWO,New Order,NEWO,new-order
PEPECOIN,PepeCoin,PEPECOIN,pepecoin-2
AIT,AIT Protocol,AIT,ait-protocol
SLERF,Slerf,SLERF,slerf
JUMBO,Jumbo Exchange,JUMBO,jumbo-exchange
STRDY,Sturdy,STRDY,sturdy
ROOT,The Root Network,ROOT,the-root-network
ULT,Shardus,ULT,shardus
NUM,Numbers Protocol,NUM,numbers-protocol
MWC,MimbleWimbleCoin,MWC,mimblewimblecoin
$MYRO,Myro,$MYRO,myro
MOG,Mog Coin,MOG,mog-coin
SNS,Synesis One,SNS,synesis-one
KIZUNA,Kizuna,KIZUNA,kizuna
STFX,STFX,STFX,stfx
RAIN,Precipitate.ai,RAIN,precipitate-ai
TURBOS,Turbos Finance,TURBOS,turbos-finance
SYMMIO,SYMMIO,SYMMIO,symmio
FIRE,Matr1x Fire,FIRE,matr1x-fire
WEN,Wen,WEN,wen-4
OMNI,OmniCat,OMNI,omnicat
MESON,Meson Network,MSN,meson-network
CAD,Cadence Protocol,CAD,cadence-protocol
EMP,Empyreal,EMP,empyreal
MAN,Matrix AI Network,MAN,matrix-ai-network
ENQAI,enqAI,ENQAI,noisegpt
MOROS,MOROS NET,MOROS,moros-net
ROKO,Roko Network,ROKO,roko-network
DERI,Deri Protocol,DERI,deri-protocol
NAVI,Atlas Navi,NAVI,atlas-navi
LSD,L7DEX,LSD,l7dex
OSAK,Osaka Protocol,OSAK,osaka-protocol
KEX,KIRA Network,KEX,kira-network
FIRO,Firo,FIRO,zcoin
WING,Wing Finance,WING,wing-finance
WINR,WINR Protocol,WINR,winr-protocol
DNT,district0x,DNT,district0x
SLIM,Solanium,SLIM,solanium
GMM,Gamium,GMM,gamium
CHEQ,cheqd,CHEQ,cheqd-network
KISHU,Kishu Inu,KISHU,kishu-inu
LEASH,Doge Killer,LEASH,leash
HDX,HydraDX,HDX,hydradx
VAIOT,VAIOT,VAI,vaiot
CAW,A Hunters Dream,CAW,a-hunters-dream
BLOK,Bloktopia,BLOK,bloktopia
ARCARC,ARC,ARC,arc
OPUL,Opulous,OPUL,opulous
STIK,Staika,STIK,staika
MTRG,Meter Governance,MTRG,meter
NTX,NUNET,NTX,nunet
JESUS,Jesus Coin,JESUS,jesus-coin
CAGA,Crypto Asset Governance Alliance,CAGA,crypto-asset-governance-alliance
ACE,Fusionist,ACE,endurance
SX,SX Network,SX,sx-network
EURC,EURC,EURC,euro-coin
ALPH,Alephium,ALPH,alephium
MAP,MAP Protocol,MAPO,marcopolo
CWEB,Coinweb,CWEB,coinweb
TBTC,tBTC,TBTC,tbtc
LON,Tokenlon,LON,tokenlon
BTRFLY,Redacted,BTRFLY,redacted
GFAL,Games for a Living,GFAL,games-for-a-living
SNEK,Snek,SNEK,snek
GEOD,Geodnet,GEOD,geodnet
SMT,Swarm Markets,SMT,swarm-markets
GOG,Guild of Guardians,GOG,guild-of-guardians
NYM,NYM,NYM,nym
MCB,MUX Protocol,MCB,mcdex
MRS,Metars Genesis,MRS,metars-genesis
VR,Victoria VR,VR,victoria-vr
OETH,Origin Ether,OETH,origin-ether
FNSA,FINSCHIA,FNSA,link
OLAS,Autonolas,OLAS,autonolas
TNC,TNC Coin,TNC,tnc-coin
XAI,Xai,XAI,xai
FTN,Fasttoken,FTN,fasttoken
CANTO,CANTO,CANTO,canto
QRDO,Qredo,QRDO,qredo
AKRO,Akropolis,AKRO,akropolis
VELOCORE,Velocore,VC,velocore
OT,Onchain Trade,OT,onchain-trade
KRL,kryll,KRL,kryll
VMPX,VMPX,VMPX,vmpx
PDT,ParagonsDAO,PDT,paragonsdao
PRISMA,Prisma Finance,PRISMA,prisma-governance-token
NCT,PolySwarm,NCT,polyswarm
SHPING,shping,SHPING,shping
ORCA,Orca,ORCA,orca
FIDA,Bonfida,FIDA,bonfida
UPI,Pawtocol,UPI,pawtocol
GST,Green Satoshi Token,GST,green-satoshi-token
FIS,Stafi,FIS,stafi
DREP,Drep,DREP,drep-new
MEDIA,Media Network,MEDIA,media-network
OOKI,Ooki,OOKI,ooki
AXL,Axelar,AXL,axelar
ACS,Access Protocol,ACS,access-protocol
PYUSD,PayPal USD,PYUSD,paypal-usd
CVTX,Carrieverse,CVTX,carrieverse
PORTO,FC Porto,PORTO,fc-porto
BOSON,Boson Protocol,BOSON,boson-protocol
CUDOS,Cudos,CUDOS,cudos
MEME,Memecoin,MEME,memecoin-2
SPA,Sperax,SPA,sperax
RARE,SuperRare,RARE,superrare
GEL,Gelato,GEL,gelato
RLB,Rollbit Coin,RLB,rollbit-coin
PRIME,Echelon Prime,PRIME,echelon-prime
LBR,Lybra Finance,LBR,lybra-finance
GLS,Glacier Network,GLS,glacier-network
MNRY,Moonray,MNRY,moonray
AXOL,AXOL,AXOL,axol
TANK,AgentTank,TANK,agenttank
BBL,Beoble,BBL,beoble
NLK,NuLink,NLK,nulink-2
VELAR,Velar,VELAR,velar
OVR,Ovr,OVR,ovr
ANON,Anon,ANON,super-anon
FRIDGE,FRIDGE,FRIDGE,
EXVG,Exverse,EXVG,exverse
LESTER,Litecoin Mascot,LESTER,litecoin-mascot
IQ50,IQ50,IQ50,iq50
BAN,Comedian,BAN,comedian
NAYM,Naym,NAYM,naym
NEURAL,NEURALAI,NEURAL,neuralai
PNUT,Peanut the Squirrel,PNUT,peanut-the-squirrel
KAIA,Kaia,KAIA,kaia
CB,Cheeseball,CB,cheeseball
REDO,Resistance Dog,REDO,resistance-dog
DOGGO,Doggo,DOGGO,doggo-3
BDX,Beldex,BDX,beldex
KARATE,Karate Combat,KARATE,karate-combat
MTC,Metatime Coin,MTC,metatime-coin
MAV,Maverick Protocol,MAV,maverick-protocol
BAT,Basic Attention Token,BAT,basic-attention-token
EOS,EOS,EOS,eos
BTG,Bitcoin Gold,BTG,bitcoin-gold
HOT,Holo,HOT,holotoken
HNT,Helium,HNT,helium
TWT,Trust Wallet Token,TWT,trust-wallet-token
USDD,USDD,USDD,usdd
LSK,Lisk,LSK,lisk
DENT,Dent,DENT,dent
REV,Revain,REV,revain
CEL,Celsius,CEL,celsius-degree-token
IOTX,IoTeX,IOTX,iotex
GUSD,Gemini Dollar,GUSD,gemini-dollar
MXC,MXC,MXC,mxc
ORBS,Orbs,ORBS,orbs
OCEAN,Ocean Protocol,OCEAN,ocean-protocol
JST,JUST,JST,just
SCRT,Secret,SCRT,secret
UMA,UMA,UMA,uma
BAL,Balancer,BAL,balancer
RENBTC,renBTC,RENBTC,renbtc
YFI,yearn.finance,YFI,yearn-finance
CSPR,Casper,CSPR,casper-network
ACA,Acala Token,ACA,acala
FXS,Frax Share,FXS,frax-share
DAO,DAO Maker,DAO,dao-maker
XCH,Chia,XCH,chia
MAID,MaidSafeCoin,MAID,maidsafecoin-token
MTL,Metal,MTL,metal
AVINOC,AVINOC,AVINOC,avinoc
PROM,Prom,PROM,prometeus
OXT,Orchid,OXT,orchid-protocol
XAUT,Tether Gold,XAUT,tether-gold
ORC,Orbit Chain,ORC,orbit-chain
DFI,DeFiChain,DFI,defichain
EVER,Everscale,EVER,everscale
WEMIX,WEMIX,WEMIX,wemix-token
BFC,Bifrost,BFC,bifrost
MDX,Mdex,MDX,mdex
BICO,Biconomy,BICO,biconomy
LUSD,Liquity USD,LUSD,liquity-usd
BNX,BinaryX,BNX,binaryx
ASTR,Astar,ASTR,astar
LOOKS,LooksRare,LOOKS,looksrare
WTRX,Wrapped TRON,WTRX,wrapped-tron
WEVER,Wrapped Everscale,WEVER,wrapped-ever
XVG,Verge,XVG,verge
PRO,Propy,PRO,propy
UTK,xMoney,UTK,utrust
CENNZ,CENNZnet,CENNZ,centrality
DERO,Dero,DERO,dero
AERGO,Aergo,AERGO,aergo
IDEX,IDEX,IDEX,aurora-dao
DAWN,Dawn Protocol,DAWN,dawn-protocol
ALPHA,Stella,ALPHA,alpha-finance
CUSD,Celo Dollar,CUSD,celo-dollar
XVS,Venus,XVS,venus
RAMP,RAMP,RAMP,ramp
STRK,Strike,STRK,strike
UFO,UFO Gaming,UFO,ufo-gaming
MNGO,Mango,MNGO,mango-markets
SBD,Steem Dollars,SBD,steem-dollars
KMD,Komodo,KMD,komodo
GXC,GXChain,GXC,gxchain
WAN,Wanchain,WAN,wanchain
UBT,Unibright,UBT,unibright
MUSD,mStable USD,MUSD,musd
AQT,Alpha Quark Token,AQT,alpha-quark-token
SFUND,Seedify.fund,SFUND,seedify-fund
MC,Merit Circle,MC,merit-circle
GENE,Genopets,GENE,genopets
RISE,EverRise,RISE,everrise
OAS,Oasys,OAS,oasys
FLOKI,FLOKI,FLOKI,floki
VELO,Velodrome Finance,VELO,velodrome-finance
GRAIL,Camelot,GRAIL,camelot-token
ASTER,Aster,ASTER,
OPENLEDGER,Openledger,OPENLEDGER,
CALDERA,Caldera,CALDERA,caldera
PARADEX,Paradex,DIME,
FORM,Form Network,FORM,form
GRT,The Graph,GRT,the-graph
THETA,Theta Network,THETA,theta-token
FLEXFLEX,FLEX,FLEX,flex
ME,Magic Eden,ME,magic-eden
IRON,Ironfish Crypto,IRON,iron-fish
BURGER,BurgerCities,BURGER,burger-swap
XDB,DigitalBits,XDB,digitalbits
KOK,KOK,KOK,kok
ASD,ASD,ASD,asd
XCN,Chain,XCN,chain-2
MV,GensoKishi Metaverse,MV,gensokishis-metaverse
BabyDoge,Baby Doge Coin,BabyDoge,baby-doge-coin
DYDX,dYdX,DYDX,dydx
EPS,Ellipsis,EPS,ellipsis
ZRX,0x,ZRX,0x
GMT,STEPN,GMT,stepn
MSOL,Marinade staked SOL,MSOL,msol
ORDI,Ordinals,ORDI,ordinals
CDAI,Compound Dai,CDAI,cdai
ETHX,Stader ETHx,ETHX,stader-ethx
VESPERFINANCE,Vesper Finance,VESPERFINANCE,vesper-finance
METAL,Drunk Robots,METAL,
XETH,f(x) Protocol Leveraged ETH,XETH,f-x-protocol-leveraged-eth
SPECTRE,SPECTRE AI,SPECTRE,spectre-ai
TOPIA,Hytopia,TOPIA,hytopia
ASTX,Asterix,ASTX,asterix
SEXY,Settled EthXY Token,SEXY,settled-ethxy-token
ACHI,achi,ACHI,achi
GME,GME,GME,gme
AIGPU,AIGPU Token,AIGPU,aigpu-token
BNC,Bifrost Native Coin,BNC,bifrost-native-coin
MARK,MoneyArk,MARK,moneyark
OPENOPEN,Open,OPEN,
FTM,Fantom,FTM,fantom
OP,Optimism,OP,optimism
OM,MANTRA,OM,mantra-dao
CRO,Cronos,CRO,crypto-com-chain
LINK,Chainlink,LINK,chainlink
TAO,Bittensor,TAO,bittensor
STARKNETID,Starknet.id,STARKNETID,
ASTRA,Astra Protocol,ASTRA,astra-protocol-2
KSHIB,Kaiken Shiba,KSHIB,
GASHERO,Gas Hero,GASHERO,
BLZE,Blaze,BLZE,solblaze
SATORI,Satori,SATORI,
QBX,qiibeeCoin,QBX,
RIONETWORK,Rio Network,RIONETWORK,
HASHLINGS,Hashlings,HASHLINGS,
OURSONG,OurSong,OURSONG,
MAESTRO,Maestro,MAESTRO,
BAINBOW,Rainbow Wallet,BAINBOW,
BEACON,Beacon,BEACON,
URBIT,urbit,URBIT,
DUNE,Dune,DUNE,
FILPSIDE,Flipside,FILPSIDE,
SOLUNIBOT,Unibot On Solana,SOLUNIBOT,
ZERION,Zerion,ZERION,
ZEKO,Zeko,ZEKO,
ZKM,ZKM,ZKM,
SUMMERFI,Summer.fi,SUMMERFI,
SOPHON,sophon,SOPHON,sophon
RISC,RISC Zero,RISC,
LITLITPROTOCOL,Lit Protocol,LIT,
SOMNIA,Somnia,SOMNIA,
PINEX,PineX,PINEX,
BRO,Broccoli,BRO,
KARAK,Karak,KARAK,
MRGN,marginfi,MRGN,
REYA,Reya Labs,REYA,
GEVULOT,Gevulot,GEVULOT,
NEBRA,NEBRA,NEBRA,
ION,Ion Protocol,ION,
FANTASY,fantasy.top,FANTASY,
TALUS,Talus Network,TALUS,
HEROGLYPHS,Heroglyphs,HEROGLYPHS,
LUCIDLY,Lucidly Finance,LUCIDLY,
ARCHARCHNETWORK,Arch Network,ARCH,
COSMIC,Cosmic,COSMIC,
WORLDPVP,World PvP,WORLDPVP,
STREAM,Stream Finance,STREAM,
BRAAVOS,Braavos,BRAAVOS,
MORPH,Morph,MORPH,
CHOMPCHOMP,Chomp,CHOMP,
COMPOSABLE,Composable Foundation,COMPOSABLE,
CHAINML,ChainML,CHAINML,
SHINKAI,Shinkai Protocol,SHINKAI,
HQ,Headquarters,HQ,
TAPIO,Tapio Finance,TAPIO,
SNACKCLUB,SNACKCLUB,SNACKCLUB,
HASHMIX,HashMix,HASHMIX,
RELICS,RELICS,RELICS,
STASHH,Stashh,STASHH,
SZNS,SZNS Solutions,SZNS,
FUTUREVERSE,Futureverse,FUTUREVERSE,
CON,CONUN,CON,conun
TOMOE,TomoChain ERC-20,TOMOE,tomoe
beanzofficial,BEANZ Official,BEANZ,
milady,Milady Maker,MILADY,
proof-collective,PROOF Collective,PROOF,
NODEMONKES,NodeMonkes,NODEMONKES,
REMILIO,Redacted Remilio Babies,REMILIO,
STBT,Short-term T-Bill Token,STBT,short-term-t-bill-token
ENJOY,Enjoy,ENJOY,enjoy
RADIUS,Rádius,RADIUS,
SAITAMA,Saitama,SAITAMA,saitama-inu
LUMITERRA,LumiTerra,LUMITERRA,lumiterra-totem-404
THEHEIST,The Heist,THEHEIST,
TB,TOKYO BEAST,TB,
FABLEBORNE,Fableborne,FABLEBORNE,
EVERMOON,Evermoon,EVERMOON,
DARKMACHINE,Dark Machine,DARKMACHINE,
BOOKIES,Bookies,BOOKIES,
WVTRS,Vitreus,WVTRS,vitreus
TRIBESTERS,Tribesters,TRIBESTERS,
RIZE,RIZE,RIZE,
LIMITLESS,Limitless,LIMITLESS,
RESOLV,Resolv Labs,RESOLV,
BOYSCLUB,Matt Furie's Boys Club,BOYSCLUB,matt-furie-s-boys-club
SAFARY,Safary,SAFARY,
SUIPLAY,SuiPlay,SUIPLAY,
FRRE,Forgotten Runiverse Real Estate,FRRE,
MELLOWPROTOCOL,Mellow Protocol,MELLOWPROTOCOL,
FNX,Fenix,FNX,
AVIVE,Avive,AVIVE,avive
AVNU,AVNU,AVNU,
CARBZ,Carbonable,CARBZ,
JITOSOL,Jito Staked SOL,JITOSOL,jito-staked-sol
COINBASEWALLET,Coinbase Wallet,COINBASEWALLET,
STARKDEFI,StarkDeFi,STARKDEFI,
IQLUSION,iqlusion,IQLUSION,
ARITHMIC,Arithmic Network,ARITHMIC,
SITH,SithSwap,SITH,
MYSWAP,mySwap,MYSWAP,
HASH,Provenance Blockchain,HASH,
OILER,Oiler,OILER,
EXPECTIUMEXPECTIUM,Expectium,EXPECTIUM,
BOUNTIVE,Bountive,BOUNTIVE,
CHEDAO,CheDAO,CHEDAO,
TRIBALLY,Tribally,TRIBALLY,
CHAKRA,Chakra,CHAKRA,
VIBES,vibe shift,VIBES,vibe-shift
SPACESHARD,SpaceShard,SPACESHARD,
TANSSINETWORK,Tanssi Network,TANSSINETWORK,
MOSO,moso,MOSO,
SALUSSECURITY,Salus Security,SALUSSECURITY,
STARKLINK,StarkLink,STARKLINK,
DEOXYS,Deoxys,DEOXYS,
TRIALITY,Triality,TRIALITY,
VXVS,Venus XVS,VXVS,venus-xvs
vUSDT,Venus USDT,vUSDT,venus-usdt
HEX,HEX,HEX,hex
CETI,Ceτi,CETI,tao-ceti
SOUK,Souk,SOUK,
DOPP,DOPP,DOPP,
POLYNOMIAL,Polynomial,POLYNOMIAL,
SEC3,sec3,SEC3,
THT,Thought,THT,thought
SEDA,SEDA Protocol,FLX,flux-token
BODEN,Jeo Boden,BODEN,jeo-boden
CUTE,PEPE UWU,CUTE,pepe-uwu
BONSAI,Bonsai Token,BONSAI,bonsai-token
ODG,Open Dollar Governance,ODG,open-dollar-governance
HARAMBE,Harambe on Solana,HARAMBE,harambe-2
$LOCKIN,LOCK IN,$LOCKIN,lock-in
NEIRO,Neiro on ETH,NEIRO,neiro-on-eth
PUPSPUPSWORLDPEACE,PUPS•WORLD•PEACE,PUPS,rune-pups
IPOR,IPOR,IPOR,ipor
PUFETH,Puffer Finance,PUFFER,puffer-finance
GOATGOATSEUSMAXIMUS,Goatseus Maximus,GOAT,goatseus-maximus
SCROLL,Scroll,SCR,scroll
ORDERLYNETWORK,Orderly Network,ORDER,orderly-network
MOVEMENT,Movement Labs,MOVE,movement
MANIFEST,Manifest,MANIFEST,manifest-on-sol
DEXX,DEXX,DEXX,
INSOMNIA,Insomnia Labs,INSOMNIA,
FHENIX,Fhenix,FHENIX,
RAADLABS,Raad Labs,RAADLABS,
ALIGNEDLAYER,Aligned Layer,ALIGNEDLAYER,
UWUUNICORN,Unicorn,UWU,unicorn-3
ITO,ITO,$ITO,ito
MARS,Mars,MARS,mars-2
SPROTO,Sproto Gremlins,SPROTO,
BIS,Believe In Something,BIS,believe-in-something
CREEPZ,Creepz,CREEPZ,
OPEPEN,Opepen Edition,OPEPEN,
HAT,Top Hat,HAT,top-hat
TRADEMARK,Trademark by Jack Butcher,TRADEMARK,
INFINIT,Infinit,INFINIT,
ROUTESCAN,Routescan,ROUTESCAN,
NRN,Neuron,NRN,neuron
NPT,Neopin,NPT,neopin
PHOTON,Photon,PHOTON,
SCIHUB,SciHub,SCIHUB,sci-hub
MINT,Mint,MINT,
KAPPY,Kappy,KAPPY,kappy
REDBRICK,Redbrick,REDBRICK,
DEMEX,Demex,DEMEX,
IMF,International Meme Fund,IMF,international-meme-fund
AUKI,Auki,AUKI,auki-labs
REIUNIT00-REI,Unit 00 - Rei,REI,unit-00-rei
HAIYEZ,hAIyez,HAIYEZ,
ISLAND,ISLAND Token,ISLAND,island-token
TRISIG,Tri Sigma,TRISIG,tri-sigma
LMT,LIMITUS,LMT,limitus
SPORE,Spore,SPORE,spore-2
HYPERBRIDGE,Hyperbridge,HYPERBRIDGE,hyperbridge-2
PLUME,Plume Network,PLUME,plume
AOF,Arena of Faith,AOF,arena-of-faith
ARTELA,Artela,ARTELA,artela-network
LVLUSD,Level USD,LVLUSD,level-usd
HENLO,Henlo,HENLO,henlo-2
HYPE,Hype,HYPE,
GAMEPLAN,Gameplan,GAMEPLAN,
D,Dar Open Network,D,dar-open-network
DUCK,DuckChain,DUCK,duckchain-token
MOE,Moemate,MOE,
REDACTED,Redacted,REDACTED,
SILOSILO,Silo,SILO,
SURGE,Surge,SURGE,
TRN,t3rn,TRN,t3rn
PHARAOH,Pharaoh,PHARAOH,pharaoh
ROYCO,Royco,ROYCO,
BITCOINOS,BitcoinOS,BITCOINOS,
VINE,Vine,VINE,vine
KINTO,Kinto,KINTO,
LAGRANGELABS,Lagrange Labs,LAGRANGELABS,
MYSHELL,MyShell,SHELL,myshell
NOISE,Noise,NOISE,
KAITO,Kaito,KAITO,kaito
DIN,DIN,DIN,din
YAPSTER,yapster,YAPSTER,yapster
GAMERBOOM,GamerBoom,GAMERBOOM,
GPS,GoPlus Security,GPS,goplus-security
TAOVALIDATOR,TAOValidator,TAOVALIDATOR,
BYTHEN,bythen,BYTHEN,
ANTAUTONOMI,Autonomi,ANT,autonomi
USDT0,USDT0,USDT0,usdt0
HUMAFINANCE,Huma Finance,HUMAFINANCE,huma-finance
TARI,Tari,TARI,
SKATE,Skate,SKATE,skate
BEDROCK,Bedrock,BEDROCK,bedrock-2
IQ,IQ,IQ,everipedia
VULT,Vultisig,VULT,vultisig
KTA,Keeta,KTA,keeta
TAKOPROTOCOL,Tako Protocol,TAKOPROTOCOL,
RECALL,Recall,RECALL,
ANICHESS,Anichess,ANICHESS,
GENOME,Genome,GENOME,
FRACTION,Fraction,FRACTION,
INITIA,Initia,INIT,initia
SPACEANDTIME,Space and Time,SPACEANDTIME,space-and-time
AIRDROPACRES,Airdrop Acres,AIRDROPACRES,
AGIXT,AGiXT,AGIXT,agixt
UOMI,Uomi,UOMI,uomi
PACIFICA,Pacifica,PACIFICA,
INCEPTION,Inception,INCEPTION,
SUPERSUPERPROTOCOL,Super Protocol,SUPER,
HOUSE,Housecoin,HOUSE,housecoin-2
AVAAVAAI,Ava AI,AVA,ava-ai
DOGEOS,DogeOS,DOGEOS,
TIMEFUN,timefun,TIMEFUN,
NOBLE,Noble,NOBLE,
AITECH,AITECH,AITECH,
YAPMARKET,Yapmarket,YAPMARKET,
MOXIE,Moxie,MOXIE,moxie
SCF,Smoking Chicken Fish,SCF,smoking-chicken-fish
AMC,AMC,AMC,amc-3
LANDWU,Land Wu,LANDWU,land-wu
ZEUSZEUS,Zeus,ZEUS,zeuspepesdog
LMEOW,lmeow,LMEOW,lmeow-2
NATIX,NATIX Network,NATIX,natix-network
SIS,Symbiosis,SIS,symbiosis-finance
SCSHARKCAT,Shark Cat,SC,shark-cat
NIM,Nim Network,NIM,nim-network
IONX,Charged Particles,IONX,charged-particles
NFTFINFTFI,NFTFI,NFTFI,nftfi
NPC,Non-Playable Coin,NPC,non-playable-coin
QODA,QODA,QODA,qoda
MONKEMONKE,Monke,MONKE,monkeonbase
MINI,mini,MINI,minimini
BEER,Beercoin,BEER,beercoin-2
ACQ,Acquire.Fi,ACQ,acquire-fi
SXPSOLAR,Solar,SXP,swipe
L3,Layer3,L3,layer3
BRRR,Burrow,BRRR,burrow
ZEND,zkLend,ZEND,zklend-2
MONMONPROTOCOL,MON Protocol,MON,mon-protocol
HAMMY,SAD HAMSTER,HAMMY,sad-hamster
TREMP,Doland Tremp,TREMP,donald-tremp
EXTRA,Extra Finance,EXTRA,extra-finance
FPFRENPET,Fren Pet,FP,frenpet
FJO,Fjord Foundry,FJO,fjord-foundry
PIXEL,Pixels,PIXEL,pixels
ATR,Artrade,ATR,artrade
PSTAKE,pSTAKE Finance,PSTAKE,pstake-finance
SHFL,Shuffle,SHFL,shuffle-2
HAVA,Hava Coin,HAVA,hava-coin
SANCTUM,sanctum,CLOUD,sanctum-2
ARCX,Architex,ARCX,architex
POPCAT,Popcat,POPCAT,popcat
SAIL,Clipper SAIL,SAIL,sail-2
ORBSORBSNETWORK,Orbs Network,ORBS,orbs
ORA,ORA Protocol,ORA,ora-coin
SOV,Sovryn,SOV,sovryn
AIDOGE,ArbDoge AI,AIDOGE,arbdoge-ai
QOM,Shiba Predator,QOM,shiba-predator
GET,GET Protocol,GET,get-token
ASTRO,Astroport,ASTRO,astroport-fi
IONET,IO.NET,IO,io
RVST,Revest Finance,RVST,revest-finance
SHU,Shutter,SHU,shutter
MOBY,Moby,MOBY,moby
MOR,Morpheus,MOR,morpheusai
LENDS,Lends,LENDS,lends
SAGA,Saga,SAGA,saga-2
POLYHEDRA,Polyhedra Network,ZKJ,polyhedra-network
POINTS,Points,POINTS,points
1CAT,Bitcoin Cats,1CAT,bitcoin-cats
DMAIL,Dmail Network,DMAIL,dmail-network
PEAS,Peapods Finance,PEAS,peapods-finance
BEVM,BEVM,BEVM,bridged-wrapped-btc-bevm
NUUM,MNet,NUUM,mnet-continuum
HOLD,Holdstation,HOLD,holdstation
OCTA,OctaSpace,OCTA,octaspace
HOOKPROTOCOL,Hook Protocol,HOOK,hooked-protocol
KREST,Krest Network,KREST,krest
PEAQ,peaq,PEAQ,peaq-2
WHALES,Whales Market,WHALES,whales-market
FOLD,Manifold Finance,FOLD,manifold-finance
EGG,Nestree,EGG,nestree
DVPN,Sentinel,DVPN,sentinel
KP3R,Keep3rV1,KP3R,keep3rv1
WAIT,Hourglass,WAIT,hourglass
CRU,Crust Network,CRU,crust-network
BZZ,Swarm,BZZ,swarm-bzz
WHITE,Whiteheart,WHITE,whiteheart
WOJAK,Wojak,WOJAK,wojak
KATA,Katana Inu,KATA,katana-inu
GHO,GHO,GHO,gho
RSV,Reserve,RSV,
BSGG,Betswap.gg,BSGG,betswap-gg
FLEX,FLEX,FLEX,flex-coin
CCD,Concordium,CCD,concordium
RVF,RocketX exchange,RVF,rocketx
TABOO,Taboo Token,TABOO,taboo-token
IMGNAI,Image Generation AI,IMGNAI,imgnai
KILT,Kilt Protocol,KILT,kilt-protocol
MEMETOON,MEMETOON,MEME,memetoon
JEWEL,DeFi Kingdoms,JEWEL,defi-kingdoms
ZCX,Unizen,ZCX,unizen
DERC,DeRace,DERC,derace
EVMOS,Evmos,EVMOS,evmos
ORAI,Oraichain,ORAI,oraichain-token
XPLA,XPLA,XPLA,xpla
ROUTE,Router Protocol,ROUTE,route
LYRA,Lyra Finance,LYRA,lyra-finance
ASTRAFER,Astrafer,ASTRAFER,astrafer
ALI,Artificial Liquid Intelligence,ALI,alethea-artificial-liquid-intelligence-token
HPO,Hippocrat,HPO,humanscape
HELLO,HELLO Labs,HELLO,hello-labs
INST,Instadapp,INST,instadapp
KUB,Bitkub Coin,KUB,bitkub-coin
SIDUS,SIDUS,SIDUS,sidus
SGB,Songbird,SGB,songbird
CORGIAI,CorgiAI,CORGIAI,corgiai
TKX,Tokenize Xchange,TKX,tokenize-xchange
HBB,Hubble,HBB,hubble
MUBI,MultiBit,MUBI,multibit
NAKA,Nakamoto Games,NAKA,nakamoto-games
CPOOL,Clearpool,CPOOL,clearpool
WALV,Alvey Chain,WALV,alvey-chain
FINE,fine,FINE,fine
SHRAP,Shrapnel,SHRAP,shrapnel-2
GF,GuildFi,GF,guildfi
FLIP,Chainflip,FLIP,chainflip
SUPERMARKET,supermarket,SUPER,supermarket
BANANAGUN,Banana gun,BANANA,banana-gun
FORT,Forta,FORT,forta
SYN,Synapse,SYN,synapse-2
TRC,MetaTrace,TRC,metatrace
AMB,AirDAO,AMB,amber
PHB,Phoenix,PHB,phoenix-global
POLYX,Polymesh,POLYX,polymesh
GODS,Gods Unchained,GODS,gods-unchained
PLU,Pluton,PLU,pluton
INDEX,Index Cooperative,INDEX,index-cooperative
ATA,Automata,ATA,automata
SWFTC,SwftCoin,SWFTC,swftcoin
TOKEN,TokenFi,TOKEN,tokenfi
MDT,META DANCE,MDT,measurable-data-token
SFI,saffron.finance,SFI,saffron-finance
SDT,Stake DAO,SDT,stake-dao
POOL,PoolTogether,POOL,pooltogether
HONEY,Hivemapper,HONEY,hivemapper
ACX,Across Protocol,ACX,across-protocol
LORDS,LORDS,LORDS,lords
GRS,Groestlcoin,GRS,groestlcoin
BALD,BALD,BALD,bald
AMKT,Alongside Crypto Market Index,AMKT,alongside-crypto-market-index
AGI,Delysium,AGI,delysium
ATOR,ATOR Protocol,ATOR,airtor-protocol
CREAM,Cream Finance,CREAM,cream-2
ID,SPACE ID,ID,space-id
ITHACA,Ithaca Protocol,ITHACA,ithaca-protocol
UFD,Unicorn Fart Dust,UFD,unicorn-fart-dust
FAI,Freysa AI,FAI,freysa-ai
SYNT,Synternet,SYNT,synternet-synt
LOFI,LOFI,LOFI,lofi-2
SKI,SKI MASK DOG,SKI,ski-mask-dog
NEXTEVERCLEAR(PREVCONNEXT),Everclear (prev Connext),NEXT,
AIXBT,aixbt by Virtuals,AIXBT,aixbt
BULLY,Dolos The Bully,BULLY,dolos-the-bully
FOREST,FOREST,FOREST,forest
TALENT,Talent Protocol,TALENT,talent-protocol
LBTC,Lombard Staked BTC,LBTC,lombard-staked-btc
KLAUS,KLAUS,KLAUS,klaus
ODOS,ODOS,ODOS,odos
APEX,ApeX,APEX,apex-token-2
XBG,XBorg,XBG,xborg
WXM,WeatherXM,WXM,weatherxm-network
BROBROTHECAT,Bro the cat,BRO,bro-the-cat
ESTEE,Estee,ESTEE,estee
HANA,Hana,HANA,hana
PAJAMAS,Pajamas Cat,PAJAMAS,pajamas-cat
BASEDAI,BasedAI,BASEDAI,basedai
DGDEGATE,DeGate,DG,degate
MOODENG,Moo Deng,MOODENG,moo-deng
BENDOG,Ben the Dog,BENDOG,ben-the-dog
DERIVE,Derive,DERIVE,lyra-finance
USUAL,Usual,USUAL,usual
ZKL,zkLink,ZKL,zklink
AARK,Aark Digital,AARK,aark-digital
NUTS,Thetanuts Finance,NUTS,thetanuts-finance
DASH,Dash,DASH,dash
XEM,NEM,XEM,nem
WAVES,Waves,WAVES,waves
NEO,Neo,NEO,neo
ZEC,Zcash,ZEC,zcash
MKR,Maker,MKR,maker
LRC,Loopring,LRC,loopring
MANA,Decentraland,MANA,decentraland
ENJ,Enjin Coin,ENJ,enjincoin
SNX,Synthetix,SNX,havven
XDC,XDC Network,XDC,xdce-crowd-sale
RUNE,THORChain,RUNE,thorchain
GT,GateToken,GT,gatechain-token
CELO,Celo,CELO,celo
AXS,Axie Infinity,AXS,axie-infinity
AMP,Amp,AMP,amp-token
ZEN,Horizen,ZEN,zencash
NMR,Numeraire,NMR,numeraire
REQ,Request,REQ,request-network
POLY,Polymath,POLY,polymath
ONT,Ontology,ONT,ontology
ONG,Ontology Gas,ONG,ong
ONE,Harmony,ONE,harmony
CHR,Chromia,CHR,chromaway
COTI,COTI,COTI,coti
KDA,Kadena,KDA,kadena
SRM,Serum,SRM,serum
GLMR,Moonbeam,GLMR,moonbeam
BTCST,Bitcoin Standard Hashrate Token,BTCST,btc-standard-hashrate-token
NFT,APENFT,NFT,apenft
BTRST,Braintrust,BTRST,braintrust
ELF,aelf,ELF,aelf
SURE,inSure DeFi,SURE,insure
DEP,DEAPcoin,DEP,deapcoin
CFG,Centrifuge,CFG,centrifuge
HBTC,Huobi BTC,HBTC,huobi-btc
ACH,Alchemy Pay,ACH,alchemy-pay
XPRT,Persistence,XPRT,persistence
PYR,Vulcan Forged PYR,PYR,vulcan-forged
BSW,Biswap,BSW,biswap
CULT,Cult DAO,CULT,cult-dao
T,Threshold,T,threshold-network-token
ERG,Ergo,ERG,ergo
NKN,NKN,NKN,nkn
META,Metadium,META,metadium
ABBC,ABBC Coin,ABBC,alibabacoin
MBL,MovieBloc,MBL,moviebloc
DUSK,Dusk Network,DUSK,dusk-network
ALEPH,Aleph.im,ALEPH,aleph
DKA,dKargo,DKA,dkargo
DPI,DeFi Pulse Index,DPI,defipulse-index
TITAN,TitanSwap,TITAN,titanswap
CORE,cVault.finance,CORE,coredaoorg
POND,Marlin,POND,marlin
BADGER,Badger DAO,BADGER,badger-dao
AMA,Mrweb Finance,AMA,mrweb-finance-2
KAR,Karura,KAR,karura
VEGA,Vega Protocol,VEGA,vega-protocol
SSV,ssv.network,SSV,ssv-network
BCD,Bitcoin Diamond,BCD,bitcoin-diamond
TROY,TROY,TROY,troy
HNS,Handshake,HNS,handshake
BEL,Bella Protocol,BEL,bella-protocol
TRU,TrueFi,TRU,truefi
TVK,Virtua,TVK,the-virtua-kolect
JASMY,JasmyCoin,JASMY,jasmycoin
CEUR,Celo Euro,CEUR,celo-euro
GTC,Gitcoin,GTC,gitcoin
SPS,Splintershards,SPS,splinterlands
RMRK,RMRK,RMRK,rmrk
REI,REI Network,REI,rei-network
WORMHOLE,Wormhole,W,wormhole
ALEO,Aleo,ALEO,aleo
SEI,Sei Network,SEI,sei-network
FUEL,Fuel Network,FUEL,fuel-network
BONE,Bone ShibaSwap,BONE,bone-shibaswap
BRISE,Bitgert,BRISE,bitrise-token
GMX,GMX,GMX,gmx
GNS,Gains Network,GNS,gains-network
BEND,BendDAO,BEND,benddao
GEAR,Gearbox Protocol,GEAR,gearbox
PINE,Pine,PINE,pine
DEFI,De.Fi,DEFI,de-fi
STAN,Stanley Cup Coin,STAN,stanley-cup-coin
SAVM,SatoshiVM,SAVM,satoshivm
ANDR,Andromeda,ANDR,andromeda-2
PYI,PYRIN,PYI,pyrin
TRADE,Polytrade,TRADE,polytrade
MOZ,Mozaic,MOZ,mozaic
WNT,Wicrypt,WNT,wicrypt
ZIG,Zignaly,ZIG,zignaly
SLEEPLESSAI,Sleepless AI,AI,sleepless-ai
BABYGROK,Baby Grok,BABYGROK,baby-grok
MORPHO,Morpho Network,MORPHO,morpho
GURUDAO,Guru Network,GURU,guru-network
HEART,Humans.ai,HEART,humans-ai
ZBC,Zebec Protocol,ZBC,zebec-protocol
COPI,Cornucopias,COPI,cornucopias
CAPS,Ternoa,CAPS,coin-capsule
SIPHER,Sipher,SIPHER,sipher
GSWIFT,GameSwift,GSWIFT,gameswift
AHT,AhaToken,AHT,ahatoken
BFIC,Bficoin,BFIC,bficoin
WSM,Wall Street Memes,WSM,wall-street-memes
CGPT,ChainGPT,CGPT,chaingpt
TURBO,Turbo,TURBO,turbo
ULTIMA,Ultima,ULTIMA,ultima
ADF,Art de Finance,ADF,art-de-finance
SDAO,SingularityDAO,SDAO,singularitydao
ALU,Altura,ALU,altura
NFP,NFPrompt,NFP,
MIM,Magic Internet Money,MIM,magic-internet-money
MNW,Morpheus.Network,MNW,morpheus-network
DYMENSION,Dymension,DYM,dymension
IOT,Helium IOT,IOT,helium-iot
UWU,UwU Lend,UWU,uwu-lend
COREUM,Coreum,COREUM,coreum
NIZA,Niza Global,NIZA,niza-global
LADYS,Milady Meme Coin,LADYS,milady-meme-coin
TOSHI,Toshi,TOSHI,toshi
PORTAL,Portal,PORTAL,portal-2
OX,Open Exchange Token,OX,open-exchange-token
CTXC,Cortex,CTXC,cortex
PLANET,PLANET,PLANET,planet-token
SEAM,Seamless Protocol,SEAM,seamless-protocol
10SET,Tenset,10SET,tenset
DEL,Decimal,DEL,decimal
POLIS,Star Atlas DAO,POLIS,star-atlas-dao
HAIR,HairDAO,HAIR,hairdao
TRACBRC,TRAC (Ordinals),TRAC,trac
ETHW,EthereumPoW,ETHW,ethereum-pow-iou
NXRA,AllianceBlock Nexera,NXRA,allianceblock-nexera
ORBR,Orbler,ORBR,orbler
FDUSD,First Digital USD,FDUSD,first-digital-usd
RAIL,Railgun,RAIL,railgun
NVIR,NvirWorld,NVIR,nvirworld
MCADE,Metacade,MCADE,metacade
JOY,Joystream,JOY,joystream
ETE,Ethereum Express,ETE,ethereum-express
OFN,Openfabric AI,OFN,openfabric
SAKAI,Sakai Vault,SAKAI,sakai-vault
VRTX,Vertex Protocol,VRTX,vertex-protocol
CQT,Covalent,CQT,covalent
UNIBOT,UniBot,UNIBOT,unibot
DVF,Rhino.fi,DVF,rhinofi
EPX,Ellipsis,EPX,ellipsis-x
ASM,Assemble Protocol,ASM,assemble-protocol
MCO2,Moss Carbon Credit,MCO2,moss-carbon-credit
BLAST,Blast,BLAST,blast
INV,Inverse Finance,INV,inverse-finance
AVT,Aventus,AVT,aventus
ERN,Ethernity Chain,ERN,ethernity-chain
MUSE,Muse DAO,MUSE,muse-2
JUP,Jupiter,JUP,jupiter-exchange-solana
HIFI,Hifi Finance,HIFI,hifi-finance
VSP,Vesper,VSP,vesper-finance
VITA,VitaDAO,VITA,vitadao
SWISE,StakeWise,SWISE,stakewise
ZETA,ZetaChain,ZETA,zetachain
SDL,Saddle,SDL,saddle-finance
NDX,Indexed Finance,NDX,indexed-finance
FLX,Reflexer Ungovernance Token,FLX,reflexer-ungovernance-token
EUL,Euler,EUL,euler
DODO,DODO,DODO,dodo
CTX,Cryptex Finance,CTX,cryptex-finance
APW,Spectra,APW,apwine
ANGLE,Angle,ANGLE,angle-protocol
DIMO,DIMO,DIMO,dimo
XRD,Radix,XRD,radix
STEMX,STEMX,STEMX,stemx
SDEX,SmarDex,SDEX,smardex
HFT,Hashflow,HFT,hashflow
PI,Pi Network,PI,pi-network-iou
HOOK,Hooked Protocol,HOOK,hooked-protocol
EGLD,MultiversX,EGLD,elrond-erd-2
GALA,Gala,GALA,gala
USTC,TerraClassicUSD,USTC,terrausd
LDO,Lido DAO,LDO,lido-dao
APE,ApeCoin,APE,apecoin
BNT,Bancor,BNT,bancor
SNT,Status,SNT,status
STORJ,Storj,STORJ,storj
MED,MediBloc,MED,medibloc
TEL,Telcoin,TEL,telcoin
REN,Ren,REN,republic-protocol
LPT,Livepeer,LPT,livepeer
BORA,BORA,BORA,bora
TFUEL,Theta Fuel,TFUEL,theta-fuel
NU,NuCypher,NU,nucypher
HIVE,Hive,HIVE,hive
SUSHI,SushiSwap,SUSHI,sushi
ROSE,Oasis Network,ROSE,oasis-network
API3,API3,API3,api3
KNC,Kyber Network Crystal v2,KNC,kyber-network-crystal
SPELL,Spell Token,SPELL,spell-token
ENS,Ethereum Name Service,ENS,ethereum-name-service
RPL,Rocket Pool,RPL,rocket-pool
MVL,MVL,MVL,mass-vehicle-ledger
LUNC,Terra Classic,LUNC,terra-luna
NEST,NEST Protocol,NEST,nest
USDX,USDX [Kava],USDX,usdx
BRG,Bridge Oracle,BRG,bridge-oracle
LQTY,Liquity,LQTY,liquity
ILV,Illuvium,ILV,illuvium
METIS,MetisDAO,METIS,metis-token
FRTS,Fruits,FRTS,fruits
AURORA,Aurora,AURORA,aurora-near
ARK,Ark,ARK,ark
RLC,iExec RLC,RLC,iexec-rlc
ANT,Aragon,ANT,aragon
VERI,Veritaseum,VERI,veritaseum
ADS,Adshares,ADS,adshares
ETN,Electroneum,ETN,electroneum
LOOM,Loom Network,LOOM,loom-network-new
LOCUS,Locus Chain,LOCUS,locus-chain
TLOS,Telos,TLOS,telos
BAND,Band Protocol,BAND,band-protocol
HUNT,HUNT,HUNT,hunt-token
SSX,SOMESING,SSG,somesing
YFII,DFI.Money,YFII,yfii-finance
AXEL,AXEL,AXEL,axel
PERP,Perpetual Protocol,PERP,perpetual-protocol
GHST,Aavegotchi,GHST,aavegotchi
MPL,Maple,MPL,maple
FORTH,Ampleforth Governance Token,FORTH,ampleforth-governance-token
XCAD,XCAD Network,XCAD,xcad-network
DESO,Decentralized Social,DESO,deso
BLZ,Bluzelle,BLZ,bluzelle
RFR,Refereum,RFR,refereum
UPP,Sentinel Protocol,UPP,sentinel-protocol
LTO,LTO Network,LTO,lto-network
COS,Contentos,COS,contentos
HARD,Kava Lend,HARD,kava-lend
SFP,SafePal,SFP,safepal
FOX,Shapeshift FOX Token,FOX,shapeshift-fox-token
ALCX,Alchemix,ALCX,alchemix
WILD,Wilder World,WILD,wilder-world
LAT,PlatON,LAT,platon-network
HERO,Metahero,HERO,metahero
ONUS,ONUS,ONUS,onus
ATOLO,RIZON,ATOLO,rizon
RSS3,RSS3,RSS3,rss3
XPLL,Parallel Chain,XPLL,parallelchain
ZKSYNC,zkSync,ZK,zksync
STARKNET,StarkNet,STRK,starknet
NEON,Neon,NEON,neon
HIGH,Highstreet,HIGH,highstreet
XMON,XMON,XMON,xmon
MNDE,Marinade,MNDE,marinade
QUICK,QuickSwap,QUICK,quickswap
UNICHAIN,Unichain,UNICHAIN,
VIRTUALECOSYSTEM,VIRTUALECOSYSTEM,VIRTUALECOSYSTEM,
RUJI,Rujira,RUJI,rujira
GUN,Gunz,GUN,gunz
PARTICLEPARTICLENETWORK,Particle Network,PARTI,particle-network
ONEKEY,OneKey,ONEKEY,
ZKPASS,zkPass,ZKPASS,
TREEHOUSE,Treehouse,TREEHOUSE,
IRREDUCIBLE,Irreducible,IRREDUCIBLE,
FERMAH,Fermah,FERMAH,
BOBBOB,BOB,BOB,
ORBITER,Orbiter Finance,ORBITER,orbiter-finance
POWERLOOM,Powerloom Protocol,POWERLOOM,powerloom
MIDNIGHT SOCIETY,Midnight Society,MIDNIGHT SOCIETY,
VIRTUAL,Virtuals Protocol,VIRTUAL,virtual-protocol
MPC,Partisia Blockchain,MPC,partisia-blockchain
5IRE,5ire Chain,5IRE,5ire
ALT,Alitas,ALT,alitas
FWT,Freeway Token,FWT,freeway
AVA,Travala.com,AVA,
NSBT,Neutrino Token,NSBT,neutrino-system-base-token
BAKE,BakeryToken,BAKE,bakerytoken
COCOS,Cocos-BCX,COCOS,
WXT,Wirex Token,WXT,wirex
GTN,GlitzKoin,GTN,glitzkoin
RACA,RadioCaca,RACA,radio-caca
VTHO,VeThor Token,VTHO,vethor-token
PLA,PlayDapp,PLA,playdapp
CHSB,SwissBorg,CHSB,swissborg
USDC,USD Coin,USDC,usd-coin
SAND,The Sandbox LAND,SANDBOX,the-sandbox
ESCE,Escroco Emerald,ESCE,
BXC,Bitcoin Classic,BXC,
VRSC,VerusCoin,VRSC,verus-coin
BTCP,Bitcoin Palladium,BTCP,
ALEX,Alex,ALEX,alexgo
GOMINING,Gomining,GOMINING,gmt-token
CETH,Compound ETH,CETH,compound-ether
DATA,Streamr,DATA,streamr
CHNG,Chainge,CHNG,chainge-finance
NEER,Metaverse.Network Pioneer,NEER,metaverse-network-pioneer
CHEX,CHEX Token,CHEX,chex-token
ANDY,ANDY ETH,ANDY,andy-the-wisguy
FLAPPY,Flappy,FLAPPY,flappy
ELU,Elumia,ELU,elumia
PEPO,Peepo,PEPO,peepo-eth
ONDO,Ondo Finance,ONDO,ondo-finance
PEARPEARPROTOCOL,Pear Protocol,PEAR,pear-protocol
VET,VeChain,VET,vechain
PEAR,Pear Protocol,PEAR,pear-protocol
TIG,The Innovation Game,TIG,the-innovation-game
SOLV,Solv Protocol,SOLV,solv-protocol
FIL,Filecoin,FIL,filecoin
APT,Aptos,APT,aptos
AVAX,Avalanche,AVAX,avalanche-2
DAI,Dai,DAI,dai
BCH,Bitcoin Cash,BCH,bitcoin-cash
BTC,Bitcoin,BTC,bitcoin
KAS,Kaspa,KAS,kaspa
CCXX,Counos X,CCXX,counosx
GRAPE,Grape Coin,GRAPE,
ANOMA,Anoma Network,ANOMA,
PLTC,PlatonCoin,PLTC,
SHC,ShahramCoin,SHC,
KALI,Kali DAO,KALI,
IMMUNEFI,Immunefi,IMMUNEFI,
FLASHBOTS,Flashbots,FLASHBOTS,
PROOFOFHUMANITY,Proof Of Humanity,PROOFOFHUMANITY,
IZUMO,IZUMO,IZUMO,
MXH,Metroxynth,MXH,metroxynth
BITMAP,Bitmap Tech,BITMAP,
ZORP,Zorp,ZORP,
ARTEMIS,Artemis,ARTEMIS,
LAYERN,Layer N,LAYERN,
PULSAR,Pulsar Finance,PULSAR,
WITNESS,Witness Chain,WITNESS,
SFULID,Superfluid,SFULID,
EUCLID,Euclid Finance,ECL,ecl
BLACKWING,Blackwing,BLACKWING,
TACO,Threshold Access Control,TACO,
ZAMA,Zama,ZAMA,
AZTEC,Aztec Network,AZTEC,
LIGMA,Ligma Node,LIGMA,ligma-node
OLM,OpenLM RevShare Token,OLM,
ARIES,Aries Markets,ARIES,
SOCKET,Socket Protocol,SOCKET,
SLINGSHOT,Slingshot,SLINGSHOT,
INFINEX,Infinex,INFINEX,
NOSNOSTRA,Nostra,NOS,
REALMSWORLDS,Realms.World,REALMSWORLDS,
SWAY,Influence,SWAY,
METRI,Metri,METRI,
COINSHIFT,Coinshift,COINSHIFT,
NOTIFI,Notifi,NOTIFI,
0G,0G Labs,0G,
KAKAROT,Kakarot zkEVM,KAKAROT,
ARRAKIS,Arrakis Finance,ARRAKIS,
ORD,Ord.io,ORD,
ARSWAP,ArSwap,ARSWAP,
JOYN,Joyn,JOYN,
DECENTLAND,decent land labs,DECENTLAND,
RICE,DAOSquare,RICE,daosquare
DIGINATION,DigiNation,DIGINATION,
HYPERBOLIC,Hyperbolic,HYPERBOLIC,
PUFFVERSE,Puffverse,PUFFVERSE,
ALLY,Earn Alliance,ALLY,
trump-digital-trading-cards,Trump Digital Trading Cards,TRUMP,
L-BTC,Liquid Network,L-BTC,
nouns,Nouns,NOUN,
lootproject,Loot (for Adventurers),LOOT,
cryptopunks,CryptoPunks,PUNK,
meebits,Meebits,MEEBITS,
Azra,Azra Games,Azra,
mad-lads,Mad Lads,MLADS,
on-chain-monkey,On Chain Monkey,OCM,
MOCA,Mocaverse,MOCA,
RSIC,RSIC METAPROTOCOL,RSIC,
ANATA,The Anata NFT,ANATA,
HONEYCOMB,Honey Comb,HONEYCOMB,
SCHIZO,SchizoPosters,SCHIZO,
RUNEPUPS,Rune Pups,RUNEPUPS,
STSTX,StackingDAO,STSTX,stacking-dao
OVERWORLD,Overworld Incarna,OVERWORLD,
LIGHTHOUSE,Lighthouse.storage ,LIGHTHOUSE,
UWUUWUCREW,uwucrew,UWU,
TNT,Tangle Network,TNT,tangle-network
JUMPER,Jumper,JUMPER,
BUNGEE,Bungee,BUNGEE,
WILDFOREST,Wild Forest,WILDFOREST,
TMA,The Machines Arena,TMA,
KONGZ,CyberKongz,KONGZ,
GEMZ,gemz,GEMZ,
MBG,Mighty Bear Games,MBG,
BOOKMAKER,bookmaker.XYZ,BOOKMAKER,
INDUS,Indus Game,INDUS,
LASTODYSSEY,Last Odyssey,LASTODYSSEY,
AKEDO,Akedo,AKEDO,
TREEVERSE,Treeverse,TREEVERSE,
SKULL,WOLF SKULL,SKULL,wolf-skull
RUNECOIN,RSIC•GENESIS•RUNE,RUNECOIN,
A16Z,a16z crypto,A16Z,
STARKWARE,Starkware,STARKWARE,
SUPERFORM,Superform ,SUPERFORM,
SMP,Seamoon Protocol,SMP,seamoon-protocol
ETHOS,Ethos,ETHOS,ethos-3
PRAGMANETWORK,Pragma Network,PRAGMANETWORK,
NAPTHAAI,NapthaAI,NAPTHAAI,
GENLAYER,GenLayer,GENLAYER,
INFINITYVM,InfinityVM,INFINITYVM,
HERODOTUS,Herodotus,HERODOTUS,
PUFFPAW,Puffpaw,PUFFPAW,
ASTRALYLABS,Astraly Labs,ASTRALYLABS,
STARKNETCC,StarknetCC,STARKNETCC,
FOCUSTREE,Focus Tree,FOCUSTREE,
STARKFINANCE,StarkFinance,STARKFINANCE,
MORPHINE,Morphine,MORPHINE,
STARKEN,Starken,STARKEN,
ATEMU,Atemu,ATEMU,
BLOBARENA,BlobArena,BLOBARENA,
BRIQ,briq,BRIQ,
METRONOME,Metronome,METRONOME,
VESU,Vesu,VESU,
STARK_DID,Stark_DID,STARK_DID,
STARKSCAN,Starkscan,STARKSCAN,
CAMBRIA,Cambria,CAMBRIA,
XTREME,Xtremeverse,XTREME,xtremeverse
CUDIS,CUDIS,CUDIS,
REDLINE,Redline,REDLINE,
PYRAMID,Pyramid,PYRAMID,
VENTORY,Ventory,VENTORY,
BITMAPBOX,bitmapbox,BITMAPBOX,
AKAMARU,Akamaru,AKU,akamaru
BEERUSLIGHTCLIENT,Beerus Light Client,BEERUSLIGHTCLIENT,
LAYERAKIRA,LayerAkira,LAYERAKIRA,
QUAI,Quai Network,QUAI,quai-network
SUGARTOWN,Sugartown,SUGARTOWN,
INFINIGODS,InfiniGods,INFINIGODS,
GRASS,Grass,GRASS,grass
VECTOR,Vector Reserve,VECTOR,vector-reserve
SYNONYM,Synonym Finance,SYNONYM,synonym-finance
APERTURE,Aperture Finance,APERTURE,aperture-finance
$KEKEC,The Balkan Dwarf,$KEKEC,the-balkan-dwarf
HYPERLIQUID,Hyperliquid,HYPE,hyperliquid
PINAI,PIN AI,PINAI,
CULTMILADYCULT,Milady Cult,CULT,milady-cult-coin
QEDPROTOCOL,QED Protocol,QED,
KIVAAI,Kiva Ai,KIVAAI,
GMGNAI,GMGN.Ai,GMGNAI,
LABUBU,LABUBU,LABUBU,
PEEZY,Young Peezy AKA Pepe,PEEZY,young-peezy-aka-pepe
HELIUS,Helius,HELIUS,
YIELDNEST,YieldNest,YIELDNEST,
NEWTON,Newton,NEWTON,
MEMESAI,Memes AI,MEMESAI,memes-ai
PUMPSCIENCE,Pump Science,PUMPSCIENCE,
TOGETHERAI,Together AI,TOGETHERAI,
ZEX,Zeta,ZEX,zeta
ELIZA,Eliza,ELIZA,eliza
SERAPHNET,Seraphnet,SERAPHNET,
OPENZEPPELIN,OpenZeppelin,OPENZEPPELIN,
KOL,ProtoKOLs,KOL,protokols
NEXUSLABORATORIES,Nexus Laboratories,NEXUSLABORATORIES,
ORBIT,Orbit,ORBIT,orbit-3
TANUKIWISDOM,TANUKI•WISDOM (Runes),TANUKI•WISDOM,tanuki-wisdom-runes
SNG,Synergy Land Token,SNG,synergy-land-token
THE WATCH,THE WATCH,THE WATCH,
SHARDBOUND,Shardbound,SHARDBOUND,
MIRA,Mira,MIRA,
FOMO,FOMO,FOMO,
BLADE,Blade Games,BLADE,
KOMA,Koma Inu,KOMA,koma-inu
SOULGRAPH,soulgraph,SOULGRAPH,
SWARMS,Swarms,SWARMS,swarms
PORTALPORTAL,Portal to Bitcoin,PORTALTOBITCOIN,
OBOL,Obol Labs,OBOL,obol-2
CREATORBID,Creator.Bid,CREATORBID,creatorbid
INTRACT,Intract,INTRACT,
ENSO,EnsoFinance,ENSO,
VERTAI,Vertical AI,VERTAI,vertical-ai
SYMX,SYMBaiEX,SYMX,symbaiex
PRISM,Prism,PRISM,prism
COOK,mETH Protocol,COOK,meth-protocol
BEST,Bitpanda Ecosystem,BEST,bitpanda-ecosystem-token
DKING,draiftking,DKING,draiftking
BABYSHARK,Baby Shark Meme,BABYSHARK,baby-shark-meme
ANONHEYANON,Hey Anon,ANON,heyanon
MAGMADAO,MagmaDAO,MAGMADAO,
EUPHORIA,Euphoria,EUPHORIA,
ACOLYT,Acolyte by Virtuals,ACOLYT,acolyte-by-virtuals
HLO,Halo,HLO,halo-2
TOKENTOKEN,TOKEN,TOKEN,
QUESTFLOW,Questflow,QUESTFLOW,
ASTRIA,Astria,ASTRIA,
TKST,TokenSight,TKST,tokensight
$GNZ,gAInzy,$GNZ,gainzy
BNKR,BankrCoin,BNKR,bankercoin-2
HINT,Hive Intelligence,HINT,hive-intelligence
HYPERDRIVE,Hyperdrive,HYPERDRIVE,
EXTRAORDINALSEXTRAORDINALS,ExtraOrdinals,EXTRAORDINALS,
ESPRESSO,Espresso,ESPRESSO,
AVLAVALONLABS,Avalon Labs,AVL,avalon-2
MANTIS,Mantis,MANTIS,mantis
PIRATEPIRATENATION,Pirate Nation,PIRATE,
TST,Test,TST,test-3
YOLOEX,Yolo.ex,YOLOEX,
DOT,Polkadot,DOT,polkadot
PLASMAPLASMA,Plasma,PLASMA,
SEROTONIN,Serotonin,SEROTONIN,
OPENSEA,OpenSea,OPENSEA,opensea
RIZ,Rivalz Network,RIZ,rivalz-network
HYPERSTABLE,Hyperstable,HYPERSTABLE,
PORTALBRIDGE,PORTALBRIDGE,PORTAL,
OVERTAKE,OVERTAKE,OVERTAKE,
GOMBLEGAMES,Gomble Games,GOMBLEGAMES,
DOMA,Doma,DOMA,
HEMINETWORK,Hemi Network,HEMI,
COCORO,Cocoro,COCORO,cocoro
10PLANET,10Planet,10PLANET,
DRB,DebtReliefBot,DRB,debtreliefbot
MATCHA,Matcha,MATCHA,
LOOP,Loop,LOOP,
ALPHABOT,Alphabot,ALPHABOT,
ALVA,Alva,ALVA,
ARCADIA,Arcadia Finance,ARCADIA,arcadia
HYPERLANE,Hyperlane,HYPERLANE,hyperlane
HAEDAL,Haedal,HAEDAL,haedal
AGENTXYZ,AgentXYZ,AGENTXYZ,
GIGAVERSE,gigaverse,GIGAVERSE,
ZED,ZED,ZED,
HONEYHONEY,Honey,HONEY,honey-3
ATLANTIS,Atlantis,ATLANTIS,
CALAMITY,Calamity,CALAMITY,
GUILD,Guild,GUILD,
BOOPBOOPFUN,Boop.fun,BOOP,boop-4
ANYONE,ANyONe Protocol,ANYONE,airtor-protocol
FAVRR,Favrr,FAVRR,
DOOD,Doodles,DOOD,doodles
FOMOFAMILY,fomo,FOMO,
SOLSTICE,Solstice,SOLSTICE,
GORK,New XAI Gork,GORK,new-xai-gork
AVANTIS,Avantis,AVANTIS,
MAPLESTORYUNIVERSE,MapleStory Universe,NXPC,nexpace
PRVA,Privasea,PRAI,privasea-ai
COMMON,Common,COMMON,common
STEADYTEDDYS,steadyteddys,STEADYTEDDYS,
YEET,YEET,YEET,
LAYEREDGE,LayerEdge,LAYEREDGE,
OBJKT,objkt,OBJKT,
PEN,Pentagon Games,PEN,pentagon-games
XENO,Xenopus laevis,XENO,xenopus-laevis
KWANT,kwantxbt,KWANT,kwantxbt
FATHA,Slopfather,FATHA,slopfather
CTA,Cross The Ages,CTA,cross-the-ages
OFF,BlastOff,OFF,blastoff
SQR,Magic Square,SQR,magic-square
FYDE,Fyde,FYDE,fyde
SYRUP,Syrup,SYRUP,syrup
PTF,PowerTrade Fuel,PTF,powertrade-fuel
VADER,VaderAI by Virtuals,VADER,vaderai-by-virtuals
EVAN,Evan,EVAN,evan-2
LKY,Luckycoin,LKY,luckycoin
CENTS,Centience,CENTS,centience
GGP,GoGoPool,GGP,gogopool
ZEREBRO,Zerebro,ZEREBRO,zerebro
PENUMBRA,Penumbra,UM,penumbra
DEEP,DeepBook,DEEP,deep
G,Gravity,G,g-token
VANA,Vana,VANA,vana
SPX,SPX6900,SPX,spx6900
PESTO,Pesto the Baby King Penguin,PESTO,pesto-the-baby-king-penguin
CATALORIAN,Catalorian,CATALORIAN,catalorian
DOGEDEPARTMENTOFGOVERNMENTEFFICIENCY,Department Of Government Efficiency,DOGE,department-of-government-efficiency
EBULL,ETHEREUM IS GOOD,EBULL,ethereum-is-good
CATE,Cate,CATE,cate-on-eth
CATDOG,Cat-Dog,CATDOG,cat-dog
UXLINK,UXLINK,UXLINK,uxlink
SSOL,Solayer SOL,SSOL,solayer-staked-sol
TORN,Tornado Cash,TORN,tornado-cash
MEGA,Make ETH Great Again,MEGA,make-eth-great-again
AURAAURA,aura,AURA,aura-on-sol
MAGA,MAGA Hat,MAGA,maga-hat
MUMU,MUMU THE BULL,MUMU,mumu-the-bull-3
BILLY,Billy,BILLY,billy
PNK,Kleros,PNK,kleros
BOBAOPPA,Boba Oppa,BOBAOPPA,boba-oppa
APRS,Apeiron,APRS,apeironnft
LUSH,Lush AI,LUSH,lush-ai
TAP,Tapioca,TAP,tapioca-dao-token
TYBG,Base God,TYBG,base-god
GRAPEGRAPEPROTOCOL,Grape Protocol,GRAPE,grape-2
UNQ,Unique Network,UNQ,unique-network
ARSW,ArthSwap,ARSW,arthswap
ZTG,Zeitgeist,ZTG,zeitgeist
SQT,SubQuery Network,SQT,subquery-network
SNSY,Sensay,SNSY,sensay
DOGDOG,Dog,DOG,dog-go-to-the-moon-rune
SCA,Scallop,SCA,scallop-2
CARV,CARV,CARV,carv
DOG,The Doge NFT,DOG,the-doge-nft
DRIFT,Drift Protocol,DRIFT,drift-protocol
ZERO,ZeroLend,ZERO,zerolend
BB,BounceBit,BB,bouncebit
PURR,Hypurr,PURR,purr-2
INSUR,InsurAce,INSUR,insurace
MEW,cat in a dogs world,MEW,cat-in-a-dogs-world
LAI,LayerAI,LAI,cryptogpt-token
PUNDU,Pundu,PUNDU,pundu
OMNOM,Doge Eat Doge,OMNOM,doge-eat-doge
MIND,Morpheus Labs,MIND,morpheus-labs
VENOM,Venom,VENOM,venom
FLT,Fluence,FLT,fluence-2
POGAI,POGAI,POGAI,pogai
RBW,Rainbow Token,RBW,rainbow-token-2
GHX,GamerCoin,GHX,gamercoin
SAUCE,SaucerSwap,SAUCE,saucerswap
OPSEC,OpSec,OPSEC,opsec
SHDW,Shadow Token,SHDW,genesysgo-shadow
CDT,Blox,CDT,blox
OKT,OKT Chain,OKT,oec-token
AVAIL,Avail,AVAIL,avail
KYVE,KYVE Network,KYVE,kyve-network
BOTTO,Botto,BOTTO,botto
MOONBERG,MOONBERG,MOONBERG,
CHECKMATE,Checkmate,CHECKMATE,
KILOEX,KiloEx,KILOEX,kiloex
B3,B3 (Base),B3,b3
DOGEAI,DOGEai,DOGEAI,dogeai-2
SKYWEAVER,Skyweaver,SKYWEAVER,
ZEEVERSE,Zeeverse,ZEEVERSE,
NINE CHRONICLES,Nine Chronicles,NINE CHRONICLES,
BNANA,Chimpion,BNANA,banana-token
CELESTIA,Celestia,TIA,celestia
IMX,Immutable X,IMX,immutable-x
HBAR,Hedera,HBAR,hedera-hashgraph
NUKLAI,Nuklai,NUKLAI,nuklai
CLT,CoinLoan,CLT,coinloan
MOC,Moss Coin,MOC,
CRETA,Creta World,CRETA,creta-world
KELP,Kelp DAO,KELP,kelp-dao
NIBI,Nibiru Chain,NIBI,nibi
DROPS,Drops,DROPS,drops
JLP,Jupiter Perpetuals Liquidity Provider Token,JLP,jupiter-perpetuals-liquidity-provider-token
FLETA,FLETA,FLETA,
HYN,Hyperion,HYN,
ZB,ZB Token,ZB,
LPP,Lens Protocol,LENS,
UDT,Unlock Protocol,UDT,unlock-protocol
LINEA,Linea,LINEA,
BLOCKJOY,BlockJoy,BLOCKJOY,
VVV,vVv,VVV,
ELEMENTFINANCE,Element Finance,ELEMENTFINANCE,
SYNDR,Syndr Protocol,SYNDR,
MELIORA,Meliora,MELIORA,
COINCHANGE,Coinchange,COINCHANGE,
FORTE,Forte,FORTE,
BLOCKFI,BlockFi,BLOCKFI,
XVERSE,Xverse,XVERSE,
BACKPACK,Backpack,BACKPACK,
MONKE,Saga Monkes,MONKE,
CEGA,Cega,CEGA,
NANSEN,Nansen,NANSEN,
0XSCOPE,0xScope,0XSCOPE,
AORI,Aori Protocol,AORI,
POLYMARKET,Polymarket,POLYMARKET,
WJXN,Jax.Network,WJXN,jax-network
TOMOTOMO,Tomo,TOMO,
JITO,Jito Labs,JITO,
CITREA,Citrea,CITREA,
STROOM,Stroom Network,STROOM,
ALMANAK,Almanak,ALMANAK,
SHOGUN,Shogun,SHOGUN,
ARCIUM,Arcium,ARCIUM,
PUMP,pump.fun,PUMP,
TOKENUNLOCKS,Token Unlocks,TOKENUNLOCKS,
VEDA,Veda,VEDA,
ARGENT,Argent,ARGENT,
LUMIO,lumio,LUMIO,
TAOEVM,TAOevm,TAOEVM,
GMSOL,GMSOL,GMSOL,
CHOMP,Chomp,CHOMP,
BASEDAPP,BasedApp,BASEDAPP,
HUMANITY,Humanity Protocol,HUMANITY,
POLYMER,Polymer Labs,POLYMER,
OPENLAYER,OpenLayer,OPENLAYER,
PORTALS,Portals,PORTALS,
MONAMONAVERSE,Monaverse,MONA,
AGENTLAYER,AgentLayer,AGENTLAYER,
METATRUST,MetaTrust Labs,METATRUST,
BOGX,Blade of God X,BOGX,
OPOPGAMES,OP Games,OP,
WEAVEVM,WeaveVM,WEAVEVM,
SIYA,Siya,SIYA,
PARCEL,Parcel,PARCEL,
GEMNIFY,Gemnify,GEMNIFY,
FIGHTLEAGUE,Fight League,FIGHTLEAGUE,
RABBY,Rabby Wallet,RABBY,
SYMBIOTIC,Symbiotic,SYMBIOTIC,
ALTHEA,ALTHEA,ALTHEA,althea
WVLX,Wrapped Velas,WVLX,wrapped-velas
UST,TerraUSD,UST,terrausd-wormhole
QC,Qcash,QC,qcash
world-of-women-nft,World of Women,WOW,
azuki,Azuki,AZUKI,
cool-cats-nft,Cool Cats NFT,COOL,
boredapeyachtclub,Bored Ape Yacht Club,BAYC,
OPIUM,Bitcoin Puppets,OPIUM,
HONEYJAR,The Honey Jar,HONEYJAR,
FARCASTER,Farcaster,FARCASTER,
VDO,ValiDAO,VDO,validao
RUNESTONE,Runestone,RUNESTONE,
QUANTUM,Quantum Cats,QUANTUM,
XLINKBTC,XLink.btc,XLINK,xlink-bridged-btc-stacks
AO,The hyper parallel computer,AO,ao-computer
ASTEROID,Asteroid Protocol,ASTEROID,asteroids
UMOJA,Umoja,UMOJA,umoja
SPHERON,Spheron Network,SPHERON,spheron-network
KAIDRO,Kaidro Journey,KAIDRO,
$SWAG,Swag,$SWAG,swag
MESSARI,Messari,MESSARI,
CHASM,Chasm,CHASM,
MAHJONG,Mahjong Meta,MAHJONG,
RKL,Rumble Kong League,RKL,
LOGX,LogX,LOGX,
PARTYICONS,PARTY ICONS,PARTYICONS,
CVT,CityVerse Tycoon,CVT,
PHAPIXELHEROESADVENTURE,Pixel Heroes Adventure,PHA,
E4C,E4C: Final Salvation,E4C,
OBEMA,obema,OBEMA,obema
CR,CryptoRank,CR,
HEDGEHOG,Hedgehog Market,HEDGEHOG,
PBT,PolyBet,PBT,polybet
FORGOTTENRUNIVERSE,Forgotten Runiverse,FORGOTTENRUNIVERSE,
SOULS,Forgotten Souls,SOULS,
GOAT,GOAT Gaming,GOAT,
PROVABLE,Provable,PROVABLE,
VANECK,VanEck,VANECK,
HASHSTACK,Hashstack,HASHSTACK,
EXPECTIUM,Expectium,EXPECTIUM,
EORACLE,eOracle,EORACLE,
PREDICTFUN,predict.fun,PREDICTFUN,
HAIKO,Haiko,HAIKO,
ASPECT,Aspect,ASPECT,
PERENA,Perena,PERENA,
STARKBOARD,StarkBoard,STARKBOARD,
STARKSHEET,Starksheet,STARKSHEET,
MOLECULE,Molecule,MOLECULE,
BIBLIOTHECADAO,BibliothecaDAO,BIBLIOTHECADAO,
TOPOLOGY,Topology,TOPOLOGY,
KASAR,Kasar,KASAR,
STARKSWIRL,StarkSwirl,STARKSWIRL,
XBANKING,XBANKING,XBANKING,xbanking
ZKX,ZKX,ZKX,
STARKNETHOUSE,Starknet House,STARKNETHOUSE,
THENINTH,The Ninth,THENINTH,
KUROROBEASTS,Kuroro Beasts,KUROROBEASTS,
SORELLA,Sorella,SORELLA,
ZKORP,zKorp,ZKORP,
GUILDLY,GUILDLY,GUILDLY,
ECHO,echo,ECHO,
ORE,Ore,ORE,ore
MAGAIBA,MAGAIBA,MAGAIBA,magaiba
DIAM,Diamond Standard,DIAM,
PARCL,Parcl,PARCL,parcl
DEGEN,Degen,DEGEN,degen-base
EETH,ether.fi Staked ETH,EETH,ether-fi-staked-eth
AJNA,Ajna Protocol,AJNA,ajna-protocol
CACAO,Maya Protocol,CACAO,cacao
TENSOR,Tensorplex Labs,TENSOR,tensorplex-staked-tao
DEAI,Zero1 Labs,DEAI,zero1-labs
WARP,Warden Protocol (WARP),WARP,warden-protocol
XNET,XNET Mobile,XNET,xnet-mobile
MELLOW,Mellow Man,MELLOW,mellow-man
QANPLATFORM,QANplatform,QANPLATFORM,qanplatform
SHIB,Shiba Inu,SHIB,shiba-inu
SOL,Solana,SOL,solana
LEO,UNUS SED LEO,LEO,leo-token
ETC,Ethereum Classic,ETC,ethereum-classic
XMR,Monero,XMR,monero
SUI,Sui,SUI,sui
POL,Polygon Ecosystem Token,POL,polygon-ecosystem-token
KLUSTER,kluster.ai,KLUSTER,
BUNK,Bunkee,BUNK,bunkee
BITSMILEY,bitSmiley,BITSMILEY,bitsmiley
PIKE,Pike,PIKE,pike-finance
SUILEND,Suilend,SEND,suilend
ASTROL,Astrol,ASTROL,
SMB,Solana Monkey Business,SMB,
BLUE,Bluefin,BLUE,bluefin
SYNFUTURES,SynFutures Protocol,F,synfutures
FASTLANE,FastLane,FASTLANE,
SERO,Super Zero Protocol,SERO,super-zero
vBUSD,Venus BUSD,vBUSD,venus-busd
RAD,Radicle,RAD,radicle
RKN,Rakon,RKN,
XWC,WhiteCoin,XWC,whitecoin
1ECO,1eco,1ECO,1eco
CBG,Chainbing,CBG,chainbing
HUM,Humanscape,HUM,hummus
BTT,BitTorrent,BTT,bittorrent
COLLAB,Collab.Land,COLLABLAND,collab-land
TRB,Tellor Tributes,TRB,tellor
BITCOIN_HPOS10INU,HarryPotterObamaSonic10Inu,HPOS10INU,harrypotterobamasonic10in
AUCTION,Bounce Token,AUCTION,auction
RETH,Rocket Pool ETH,RETH,rocket-pool-eth
VBTC,Venus BTC,VBTC,venus-btc
MKUSD,Prisma mkUSD,MKUSD,prisma-mkusd
GAFI,GameFi,GAFI,gamefi
EUSD,eUSD,EUSD,eusd-new
ANKRETH,Ankr Staked ETH,ANKRETH,ankreth
TRIAS,Trias,TRIAS,trias-token
IRIS,IRISnet,IRIS,iris-network
EURT,Tether EURt,EURT,tether-eurt
HAY,Helio Protocol,HAY,
RWN,Rowan Token,RWN,rowan-coin
POOF,Poof Token (HoudiniSwap),POOF,poof-token
NETMIND,NetMind Token,NMT,netmind-token
PUPS,PUPS,PUPS,pups-ordinals
SKAI,SKAI,SKAI,skai
OXOXCOIN,OX Coin,OX,ox-fun
MOEW,MOEW,MOEW,moew
PUMPBTC,pumpBTC,PUMPBTC,pumpbtc
FWOG,Fwog,FWOG,fwog
WDOG,Wrapped DOG,WDOG,wrapped-dog
DOOR,Tradoor,DOOR,
SOMO,SOMO,SOMO,
TYPUSFINANCE,Typus Finance,TYPUSFINANCE,typus-finance
MAGICBLOCK,Magicblock,MAGICBLOCK,
VVRARE,VV Rare,VVRARE,
FRAGMETRIC,Fragmetric,FRAGMETRIC,
FLUID,Fluid,FLUID,instadapp
LUCE,Luce,LUCE,offcial-mascot-of-the-holy-year
TRVL,TRVL,TRVL,dtravel
INFERENCELABS,Inference Labs,INFERENCELABS,
WARPWARP,Warp,WARP,
INFSTONES,InfStones Global,INFSTONES,
KIRI,KIRI,KIRI,kiri
SUPERCYCLE,supercycle(real),SUPERCYCLE,supercycle-real
HSK,HashKey Platform Token,HSK,hashkey-ecopoints
COOKIE DAO,COOKIE DAO,COOKIE DAO,
SIMMI,Simmi Token,SIMMI,simmi-token
TETSUO,7etsuo,TETSUO,tetsuo-coin
PULSE,Pulse,PULSE,
PLANETQUEST,PlanetQuest,PLANETQUEST,
FROST,Moonfrost,FROST,
PARALLEL,Parallel,PARALLEL,
THEMYSTERYSOCIETY,The Mystery Society,THEMYSTERYSOCIETY,
KIKI,KIKI,KIKI,kiki-2
ANZ,Anzen Finance,ANZ,anzen-finance
THE,Thena,THE,thena
DF,dForce,DF,dforce-token
ROAM,Roam,ROAM,
VALANTIS,Valantis,VALANTIS,
TRUST,$TRUST ME BROs by Virtuals,TRUST,trust-me-bros-by-virtuals
JAMBO,Jambo,JAMBO,jambo
ANIME,Animecoin,ANIME,anime
ANALOG,Analog,ANALOG,analog
SOVRN,Sovrun,SOVRN,sovrun
SOLAYER,Solayer,SOLAYER,solayer
HYPERFLUID,Hyperfluid,HYPERFLUID,
SAVE,Save,SAVE,save
KAITOKAITO,Kaito Genesis,KAITOGENESIS,
PERPL,Perpl,PERPL,
AICC,Aiccelerate,AICC,aiccelerate
BOYS,Boys,BOYS,
GATSBY,GATSBY,GATSBY,gatsby
N1,N1,N1,
IMMORTALRISING2,ImmortalRising2,IMMORTALRISING2,
BASELINE,Baseline,BASELINE,
MYR,MYRIAD,MYR,
LEGION,LEGION,LEGION,
DRV,Derive,DRV,derive
HANAHANA,Hana,HANA,
ALLORA,Allora,ALLORA,
MOBYMOBYAI,Moby AI,MOBY,moby-ai
MELANIA,Melania Meme,MELANIA,melania-meme
NC,Nodecoin,NC,nodecoin
CHIRP,Chirp Token,CHIRP,chirp-token
THRIVE,Thrive,THRIVE,
OCTANT,Octant,OCTANT,
TRIBERUN,Tribe.run,TRIBE,
ANGSTROM,Angstrom,ANGSTROM,
SNAI,SwarmNode.ai,SNAI,swarmnode-ai
HQHQ,HQ,HQ,hq
CAP,CAP,CAP,
JAILSTOOL,Stool Prisondente,JAILSTOOL,stool-prisondente
WYND,Wynd,WYND,
MERCURYO,Mercuryo,MERCURYO,
CHAINBOUND,Chainbound,CHAINBOUND,
ASTRAASTRANOVA,AstraNova,ASTRA,
SIDEKICK,Sidekick,SIDEKICK,
BOOST,Boost,BOOST,
INC,Incentiv,INC,
XOCIETY,Xociety,XOCIETY,
GROK3GAMING,Grok3 Gaming,GROK3GAMING,
ALLUVIAL,Alluvial,ALLUVIAL,
RWA,RWA.xyz,RWA,
ZOO,Zoo,ZOO,zoo
SHADOW,Shadow,SHADOW,shadow-2
GASP,Gasp,GASP,gasp-2
JAIHOZ,Jaihoz by Virtuals,JAIHOZ,jaihoz
NOIR,Noir,NOIR,
ARIO,ar.io network,ARIO,ar-io-network
SATLAYER,SatLayer,SATLAYER,satlayer
CRESTAL,Crestal,NATION,
SAPIEN,Sapien,SAPIEN,
NERO,NERO,NERO,
77-BIT,77-Bit,77-BIT,
RBC,Rubic,RBC,rubic
DABBA,Dabba Network,DABBA,
REALMS,Realms Of Alurya,REALMS,
REDSTONE,RedStone,RED,redstone-oracles
RFC,Retard Finder Coin,RFC,retard-finder-coin
BASEISFOREVERYONE,Base is for everyone,BASEISFOREVERYONE,base-is-for-everyone
SYRUPUSDC,SyrupUSDC,SYRUPUSDC,syrupusdc
USD0,Usual USD,USD0,usual-usd
01XYZ,01xyz,01XYZ,
METALEND,MetaLend,METALEND,
PALIO,Palio,PALIO,
BABS,BABs,BABS,
ALVAALVARAPROTOCOL,Alvara Protocol,ALVA,alvara-protocol
SYMPHONY,Symphony,SYMPHONY,
FAIRBLOCK,Fairblock,FAIRBLOCK,
BLACKMIRROR,blackmirror,BLACKMIRROR,
MANIFESTMANIFEST,Manifest,MANIFEST,
FASSET,Fasset,FASSET,
OWN,Own,OWN,
AION,AION,AION,
LAUNCHCOIN,Launch Coin on Believe,LAUNCHCOIN,ben-pasternak
EDGE,Definitive,EDGE,definitive
SAI,Sharpe AI,SAI,sharpe-ai
ETHFI,ether.fi,ETHFI,ether-fi
FEFE,Fefe,FEFE,fefe-on-eth
SPOOL,Spool,SPOOL,spool-dao-token
XEL,Xelis,XEL,xelis
FLUFFI,Fluffington,FLUFFI,fluffington
CONTANGO,Contango,CONTANGO,contango
CAT,Simon's Cat,CAT,simon-s-cat
LAVA,Lava Network,LAVA,lava-network
DMAGA,Dark MAGA,DMAGA,dark-maga
$ELON,Elon,$ELON,elon
BOLT,BOLT on Base,BOLT,bolt-on-base
CHOMPCHOMPCOIN,ChompCoin,CHOMP,chompcoin
LMWR,LimeWire,LMWR,limewire-token
DOGA,Dogami,DOGA,dogami
FORE,FORE Protocol,FORE,fore-protocol
TRUF,Truflation,TRUF,truflation
JBX,Juicebox,JBX,juicebox
PIRATE,Pirate Nation Token,PIRATE,pirate-token
YES,YES Money,YES,yes-money
WRT,WingRiders,WRT,wingriders
SELFIE,SelfieDogCoin,SELFIE,selfiedogcoin
PONKE,PONKE,PONKE,ponke
APU,Apu Apustaja,APU,apu-s-club
MOTHER,Mother Iggy,MOTHER,mother-iggy
SQD,Subsquid,SQD,subsquid
EPIK,TEH EPIK DUCK,EPIK,teh-epik-duck
LISTA,Lista,LISTA,lista
OPN,OPEN Ticketing Ecosystem,OPN,open-ticketing-ecosystem
MANEKI,MANEKI,MANEKI,maneki
KMNO,Kamino,KMNO,kamino
LL,LightLink,LL,lightlink
MXM,MixMob,MXM,mixmob
BELBELLSCOIN,Bellscoin,BEL,bellscoin
STARS,Stargaze,STARS,stargaze
SHARK,Sharky,SHARK,sharky-fi
ZRC,Zircuit,ZRC,zircuit
HIGHER,higher,HIGHER,higher
PUFF,Puff The Dragon,PUFF,puff-the-dragon
TNSR,Tensor,TNSR,tensor
CATBOY,Catboy,CATBOY,catboy-3
PENG,Peng,PENG,peng
ATH,Aethir,ATH,aethir
PSY,PsyFi,PSY,psyoptions
BOME,BOOK OF MEME,BOME,book-of-meme
ATLAS,Star Atlas,ATLAS,star-atlas
SUPERV,SuperVerse,SUPER,superfarm
PNP,Penpie,PNP,penpie
AIMBOT,Aimbot AI,AIMBOT,aimbot
MYTH,Mythos,MYTH,mythos
BEAMPAY,Beam,BEAM,
DEXTF,Domani Protocol,DEXTF,dextf
MODE,Mode,MODE,mode
MOCHI,Mochi,MOCHI,mochi-thecatcoin
COREDAO,Core,CORE,coredaoorg
DEGENREBORN,DegenReborn,DEGEN,degenreborn
TRUMP,Official Trump,TRUMP,official-trump
TROLL,Troll,TROLL,troll
THL,Thala,THL,thala
KRO,Kroma,KRO,kroma
PORT3,Port3 Network,PORT3,port3-network
AQTIS,AQTIS,AQTIS,aqtis
KNDX,Kondux,KNDX,kondux-v2
PALM,PaLM AI,PALM,palm-ai
FAR,Farcana,FAR,farcana
PROPC,Propchain,PROPC,propchain
BBANK,blockbank,BBANK,blockbank
DPR,Deeper Network,DPR,deeper-network
RENZO,Renzo Protocol,REZ,renzo
DIKO,Arkadiko,DIKO,arkadiko-protocol
DIO,Decimated,DIO,decimated
PBX,Paribus,PBX,paribus
SWELL,Swell Network,SWELL,swell-network
DOME,Everdome,DOME,everdome
IXS,IX Swap,IXS,ix-swap
3ULL,Playa3ull Games,3ULL,playa3ull-games-2
ALTLOOT,ArchLoot,ALT,archloot
KSP,KLAYswap Protocol,KSP,klayswap-protocol
ZKF,ZKFair,ZKF,zkfair
SILLY,Silly Dragon,SILLY,silly-dragon
THOR,THORSwap,THOR,thorswap
COL,Clash of Lilliput,COL,clash-of-lilliput
FRIENDTECH,friend.tech,FRIEND,friend-tech
COQ,Coq Inu,COQ,coq-inu
HEZ,Hermez Network,HEZ,hermez-network-token
SOMM,Sommelier,SOMM,sommelier
DORA,Dora Factory,DORA,dora-factory-2
AURY,Aurory,AURY,aurory
OZO,Ozone Chain,OZO,ozone-chain
SLND,Solend,SLND,solend
SAITA,SaitaChain Coin,STC,saitachain-coin-2
SWEAT,Sweat Economy,SWEAT,sweatcoin
MBX,Marblex,MBX,marblex
BLD,Agoric,BLD,agoric
0X0,0x0.ai: AI Smart Contract,0X0,0x0-ai-ai-smart-contract
KWENTA,Kwenta,KWENTA,kwenta
PAAL,PAAL AI,PAAL,paal-ai
RBX,RabbitX,RBX,rabbitx
CRVUSD,crvUSD,CRVUSD,crvusd
OMI,ECOMI,OMI,ecomi
USDJ,USDJ,USDJ,just-stablecoin
ZEPH,Zephyr Protocol,ZEPH,zephyr-protocol
HELIUMMOBILE,Helium Mobile,MOBILE,helium-mobile
EJS,Enjinstarter,EJS,enjinstarter
AZERO,Aleph Zero,AZERO,aleph-zero
WIFI,WiFi Map,WIFI,wifi
NOS,Nosana,NOS,nosana
TIP,Tipcoin,TIP,tipcoin
EVA,Evadore,EVA,evadore
NERD,NerdBot,NERD,nerdbot
BEAM,Beam,BEAM,beam-2
POKT,Pocket Network,POKT,pocket-network
NEXT,Connext,NEXT,connext
AURA,Aura Finance,AURA,aura-finance
GROK,GROK,GROK,grok-2
COMBO,COMBO,COMBO,cocos-bcx
PYTH,Pyth Network,PYTH,pyth-network
PERC,Perion,PERC,perion
DYP,Dypius Protocol,DYP,dypius
MATH,MATH,MATH,math
ABT,Arcblock,ABT,arcblock
LOKA,League of Kingdoms,LOKA,league-of-kingdoms
PNG,Pangolin,PNG,pangolin
QI,BENQI,QI,benqi
VOXEL,Voxies,VOXEL,voxies
MULTI,Multichain,MULTI,multichain
AGLD,Adventure Gold,AGLD,adventure-gold
FRONT,frontier,FRONT,frontier-token
RARI,Rarible,RARI,rarible
MTA,mStable Governance Token: Meta,MTA,meta
IDLE,Idle,IDLE,idle
GRO,Gro DAO Token,GRO,gro-dao-token
CVP,Powerpool,CVP,concentrated-voting-power
ALD,AladdinDAO,ALD,aladdin-dao
COW,CoW Protocol,COW,cow-protocol
PSP,ParaSwap,PSP,paraswap
BIGTIME,Big Time,BIGTIME,big-time
HOP,Hop Protocol,HOP,hop-protocol
BASE,BASE,BASE,
PRCL,Parcl,PRCL,parcl
EYWA,Eywa,EYWA,eywa
KWEEN,KWEEN,KWEEN,kween
UBC,Universal Basic Compute,UBC,universal-basic-compute
LRDS,BLOCKLORDS,LRDS,blocklords
CLANKER,Tokenbot,CLANKER,tokenbot-2
FB,Fractal Bitcoin,FB,fractal-bitcoin
BERT,Bertram The Pomeranian,BERT,bertram-the-pomeranian
KEYCAT,Keyboard Cat,KEYCAT,keyboard-cat
DXY,US Degen Index 6900,DXY,us-degen-index-6900
WAITHOURGLASS,Hourglass,WAIT,hourglass
AGURI,Aguri-Chan,AGURI,aguri-chan
IZI,Izumi Finance,IZI,izumi-finance
B2M,Bit2Me,B2M,bit2me
PENDLE,Pendle,PENDLE,pendle
DIONE,Dione,DIONE,dione
FLR,Flare,FLR,flare-networks
EDU,Open Campus,EDU,edu-coin
STC,Student Coin,STC,student-coin
AKT,Akash Network,AKT,akash-network
KLV,Klever,KLV,klever
ONIT,ONBUFF,ONIT,onbuff
HTR,Hathor,HTR,hathor
QUACK,RichQUACK.com,QUACK,richquack
DG,Decentral Games,DG,decentral-games
LAYERZERO,LayerZero,ZRO,layerzero
MASK,Mask Network,MASK,mask-network
MAGIC,Treasure DAO,MAGIC,magic
ANC,Anchor Protocol,ANC,anchor-protocol
SAMO,Samoyedcoin,SAMO,samoyedcoin
YOOSHI,YooShi,YOOSHI,yooshi
AIOZ,AIOZ Network,AIOZ,aioz-network
PIT,Pitbull,PIT,pitbull
MUTE,Mute,MUTE,mute
ZYB,Zyberswap,ZYB,zyberswap
VSTA,Vesta Finance,VSTA,vesta-finance
HEGIC,Hegic,HEGIC,hegic
GNO,Gnosis,GNO,gnosis
QTUM,Qtum,QTUM,qtum
KCS,KuCoin Token,KCS,kucoin-shares
HT,Huobi Token,HT,huobi-token
TUSD,TrueUSD,TUSD,bridged-trueusd
QNT,Quant,QNT,quant-network
USDP,Pax Dollar,USDP,paxos-standard
CHZ,Chiliz,CHZ,chiliz
FTT,FTX Token,FTT,ftx-token
KLAY,Klaytn,KLAY,klay-token
KAVA,Kava,KAVA,kava
FEI,Fei USD,FEI,fei-usd
XEC,eCash,XEC,ecash
SYS,Syscoin,SYS,syscoin
SC,Siacoin,SC,siacoin
GLM,Golem,GLM,golem
XNO,Nano,XNO,nano
OMG,OMG Network,OMG,omisego
CVC,Civic,CVC,civic
VGX,Voyager Token,VGX,ethos
ICX,ICON,ICX,icon
RVN,Ravencoin,RVN,ravencoin
FLUX,Flux,FLUX,flux
WIN,WINkLink,WIN,wink
CKB,Nervos Network,CKB,nervos-network
SKL,SKALE Network,SKL,skale
SLP,Smooth Love Potion,SLP,smooth-love-potion
CFX,Conflux,CFX,conflux-token
WOO,WOO Network,WOO,woo-network
RLY,Rally,RLY,rally-2
RAY,Raydium,RAY,raydium
ELON,Dogelon Mars,ELON,dogelon-mars
PEOPLE,ConstitutionDAO,PEOPLE,constitutiondao
STEEM,Steem,STEEM,steem
FUN,FUNToken,FUN,funfair
TRAC,OriginTrail,TRAC,origintrail
EURS,STASIS EURO,EURS,stasis-eurs
ARRR,Pirate Chain,ARRR,pirate-chain
WRX,WazirX,WRX,wazirx
EWT,Energy Web Token,EWT,energy-web-token
SOLO,Sologenic,SOLO,solo-coin
LYXe,LUKSO,LYX,lukso-token
ANY,Anyswap,ANY,anyswap
REEF,Reef,REEF,reef
FRAX,Frax,FRAX,frax
FLM,Flamingo,FLM,flamingo-finance
WBNB,Wrapped BNB,WBNB,wbnb
MOB,MobileCoin,MOB,mobilecoin
YGG,Yield Guild Games,YGG,yield-guild-games
BIT,BitDAO,BIT,bitdao
TIME,Chrono.tech,TIME,chronobank
TOMO,Viction,VIC,tomochain
QKC,QuarkChain,QKC,quark-chain
RBTC,Rootstock RSK Smart Bitcoin,RBTC,rootstock
RIF,RSK Infrastructure Framework,RIF,rif-token
TT,ThunderCore,TT,thunder-token
CTK,Shentu,CTK,certik
LCX,LCX,LCX,lcx
OUSD,Origin Dollar,OUSD,origin-dollar
RGT,Rari Governance Token,RGT,rari-governance-token
EXRD,e-Radix,EXRD,e-radix
VAI,Vai,VAI,vai
WOZX,Efforce,WOZX,wozx
XSGD,XSGD,XSGD,xsgd
ALICE,MyNeighborAlice,ALICE,my-neighbor-alice
MBOX,MOBOX,MBOX,mobox
WMT,World Mobile Token,WMT,world-mobile-token
STG,Stargate Finance,STG,stargate-finance
MONA,MonaCoin,MONA,monacoin
BTS,BitShares,BTS,bitshares
ELA,Elastos,ELA,elastos
MITH,Mithril,MITH,mithril
NOIA,Syntropy,NOIA,noia-network
MLK,MiL.k,MLK,milk-alliance
PRQ,PARSIQ,PRQ,parsiq
FISHING FRENZY,Fishing Frenzy,FISHING FRENZY,
SWARM,Swarm,SWARM,
TRCTERRACE,Terrace,TRC,terrace
BOUNDLESS,Boundless,BOUNDLESS,
FLIPSTER,Flipster,FLIPSTER,
SERAPH,Seraph,SERAPH,seraph
TEVA,Tevaera,TEVA,tevaera
BONK,Bonk,BONK,bonk
AROK,AROK,AROK,arok-vc
MEGAETH,MegaETH,MEGAETH,
ALGO,Algorand,ALGO,algorand
BGB,Bitget Token,BGB,bitget-token
DELTAPRIME,DeltaPrime,DELTAPRIME,prime-2
BLUM,Blum,BLUM,blum
WALLETCONNECT,WalletConnect,WCT,connect-token-wct
SYNCUSDAO,Syncus DAO,SYNCUSDAO,syncus
COMAI,Commune AI Token,COMAI,commune-ai
SMARTLAYER,Smart Layer,SMARTLAYER,smart-layer-network
BMXBMX,BMX,BMX,bmx
METH,Mantle Staked Ether,METH,mantle-staked-ether
$SMH,Spacemesh,$SMH,spacemesh
SYNTH,Synthswap,SYNTH,synthswap
$GENE,GenomesDAO GENE,$GENE,genomesdao
STTAO,Tensorplex Staked TAO,STTAO,tensorplex-staked-tao
BORPA,BorpaToken,BORPA,borpatoken
AIM,AI Market Compass,AIM,ai-market-compass
NEIRONEIRO,Neiro,NEIRO,neiro-3
XNC,XeniosCoin,XNC,xenios
LUMI,Lumi Finance,LUA,lumi-finance
AOG,smARTOFGIVING,AOG,smartofgiving
AMINO,AminoChain,AMINO,
CONSENSYS,ConsenSys,CONSENSYS,
SUBSPACE,SubSpace,SUBSPACE,
YOUC,yOUcash,YOUC,youcash
CODE,Develop DAO,CODE,developer-dao
NOSTRASSETSPROROCOL,Nostr Assets Protocol,NOA,
NAMADA,namada,NAMADA,
EISEN,EISEN Finance,EISEN,
WASABI,Wasabi,WASABI,
MES,MES Protocol,MES,
COMETH,Cometh,COMETH,
TRESFINANCE,Tres Finance,TRES,
ANDALUSIALABS,Andalusia Labs,ANDALUSIA,
DYNAMIC,Dynamic,DYNAMIC,
NONCO,Nonco,NONCO,
FIREBLOCKS,Fireblocks,FIREBLOCKS,
ARC,ARC COMMUNITY,ARC,
STONE,StakeStone ETH,STONE,stakestone-ether
SGYMA,Sygma,SGYMA,
PARSEC,Parsec,PARSEC,
METAMASK,MetaMask,METAMASK,
SHM,Shardeum,SHM,shardeum
SATURN,Saturn,SATURN,
ETHERSCAN,Etherscan,ETHERSCAN,
RITUAL,Ritual,RITUAL,
M0LABS,M^0 Labs,M0LABS,
TEA,tea Protocol,TEA,
PRIVY,Privy,PRIVY,
CLIQUE,Clique,CLIQUE,
BLS,Blockless,BLS,blockless
AGORA,Agora Finance,AGORA,
SOFAMON,Sofamon,SOFAMON,
FUNGI,Fungi,FUNGI,fungi
COINGECKO,CoinGecko,COINGECKO,
ASTARIA,Astaria,ASTARIA,
TPAD,TaoPad,TPAD,taopad
GAMMASWAP,GammaSwap,GAMMASWAP,
BLOCKWING,Blackwing,BLACKWING,
TIE,The Tie,TIE,
DOJO,Dojo,DOJO,
THEORIQ,Theoriq,THEORIQ,
LUMINO,Lumino,LUMINO,
IRONMILL,IronMill,IRONMILL,
SWITCHBOARD,Switchboard,SWITCHBOARD,
SOFA,SOFA.org,SOFA,
BLOCKEARNER,Block Earner,BLOCKEARNER,
HUDDLE01,Huddle01,HUDDLE01,
PEANUT,Peanut Protocol,PEANUT,
SOLLY,Solly,SOLLY,solly
PIANITY,Pianity,PIANITY,
NUBIT,Nubit,NUBIT,
DELABS,Delabs Games,DELABS,
COSMIZE,COSMIZE,COSMIZE,
SNAPSHOT,Snapshot,SNAPSHOT,
MINTOLOGY,Mintology,MINTOLOGY,
GENWORLD,GenWorld,GENWORLD,
SHOG,ShogAI,SHOG,
CATALYST,Catalyst,CATALYST,
RELATIVE,Relative,RELATIVE,
HRZN,Horizon,HRZN,horizon-3
VBIT,Valobit,VBIT,valobit
v1-cryptopunks-wrapped,V1 CryptoPunks Wrapped,WPV1,
lilpudgys,Lil Pudgys,LILPUDGYS,
mutant-ape-yacht-club,Mutant Ape Yacht Club,MAYC,
art-blocks,Art Blocks,BLOCKS,
bored-ape-kennel-club,Bored Ape Kennel Club,BAKC,
cryptokitties,CryptoKitties,KITTIES,
MATR1X,Matr1x,MATR1X,
SUPRA,Supra,SUPRA,supra
LUMERIN,Lumerin Protocol,LUMERIN,umoja
WIZARDS,Forgotten Runes Wizards Cult,WIZARDS,
KGF,KILLER GF,KGF,
MOKU,Moku,MOKU,
RELAY,Relay Protocol,RELAY,
PANTHERFI,PantherFi,PANTHERFI,
ZKAS,ZKasino,ZKAS,
CMC,CoinMarketCap,CMC,
COINPUPS,CoinPUPS,COINPUPS,
OVERTIME,Overtime Markets,OVERTIME,
GANGSTERARENA,GangsterArena,GANGSTERARENA,
ORB,Orb Labs,ORB,
TATSUMEEKO,Tatsumeeko,TATSUMEEKO,
SPINDL,Spindl,SPINDL,
FRWR,Forgotten Runiverse Watcher's Rings,FRWR,
ADDRESSABLE,Addressable,ADDRESSABLE,
STORK,Stork,STORK,
JAJAK,JAJAK,JAJAK,
MONAD,Monad,MONAD,monad
KABOSU,Kabosu,KABOSU,kabosu-arbitrum
SHIZO,Shizomori,SHIZO,
FARMTAXFARM.ING,TaxFarm.ing,FARM,taxfarm-ing
FLOCK,FLock,FLOCK,
ZOHAL,Zohal,ZOHAL,
S,Sonic,S,sonic-3
RENEGADE,Renegade,RENEGADE,renegade
CARMINEOPTIONSAMM,Carmine Options AMM,CARMINEOPTIONSAMM,
HYDROONLINE,HydroOnline,HYDROONLINE,
EXSATNETWORK,exSatNetwork,EXSATNETWORK,
SUNYA,Sunya,SUNYA,
JOKERSOFNEON,JokersOfNeon,JOKERSOFNEON,
VARIATIONAL,Variational,VARIATIONAL,
VOYAGER,Voyager,VOYAGER,
STARKCON,StarkCon,STARKCON,
STARKNETQUEST,Starknet quest,STARKNETQUEST,
ATLASATLAS,Atlas,ATLAS,
BLOCKDAG,BlockDAG Network,BLOCKDAG,
DOORLABS,Door Labs,DOORLABS,
NODEKIT,NodeKit,NODEKIT,
RISINGREVENANT,Rising Revenant,RISINGREVENANT,
UNIVERSAL,Universal,UNIVERSAL,
BRUME,Brume Wallet,BRUME,
TON,Toncoin,TON,the-open-network
NEAR,NEAR Protocol,NEAR,near
WBTC,Wrapped Bitcoin,WBTC,wrapped-bitcoin
ADA,Cardano,ADA,cardano
TRX,TRON,TRX,tron
BNB,BNB,BNB,binancecoin
ETH,Ethereum,ETH,ethereum
XRP,XRP,XRP,ripple
MERKLE,Merkle Trade,MERKLE,merkle-trade
HI,HI,HI,hi-dollar
CBK,Cobak Token,CBK,cobak-token
aETHc,Ankr Reward Bearing Staked ETH,aETHc,
DIA,DIA,DIA,dia-data
ORN,Orion Protocol,ORN,orion-protocol
XPR,Proton,XPR,proton
SUPER,SuperFarm,SUPER,superfarm
HOO,Hoo Token,HOO,
MCT,Metacraft,MCT,metacraft
C98,Coin98,C98,coin98
vUSDC,Venus USDC,vUSDC,venus-usdc
NXM,NXM,NXM,nxm
HUSD,HUSD,HUSD,husd
PUNDIX,Pundi X (New),PUNDIX,pundi-x-2
ATOM,Cosmos,ATOM,cosmos
MIOTA,IOTA,MIOTA,iota
CNNC,Cannation,CNNC,
BANK,Bankless DAO,BANK,bankless-dao
HOPR,HOPR,HOPR,hopr
QSP,Quantstamp,QSP,quantstamp
MEMEBRC,MEME (Ordinals),MEME,meme-brc-20
GOAL3,Goal3,GOAL3,
MAX,MAX Exchange Token,MAX,max-token
FRXETH,Frax Ether,FRXETH,frax-ether
JTO,JITO,JTO,jito-governance-token
SWETH,swETH,SWETH,sweth
SETH2,sETH2,SETH2,seth2
OSETH,StakeWise Staked ETH,OSETH,stakewise-v3-oseth
BOB,BOB Token,BOB,bob-token
ECOX,ECOx,ECOX,ecox
BTSE,BTSE Token,BTSE,btse-token
APOLLOX,ApolloX,APX,apollox-2
DMT,Dream Machine Token,DMT,dream-machine-token
TRIO,Trio (Ordinals),TRIO,trio-ordinals
STON,STON,STON,ston-2
RCH,RCH Token,RCH,rch-token
FUD,Fud the Pug,FUD,fud-the-pug
ABSTRACT,Abstract,ABSTRACT,
DIALECT,Dialect,DIALECT,
BABYNEIRO,Baby Neiro Token,BABYNEIRO,baby-neiro-token
SKBDI,Skibidi Toilet,SKBDI,skibidi-toilet-2
OFFTHEGRID,Off The Grid,OFFTHEGRID,
WOOFI,WOOFi,WOOFI,woo-network
CXT,Covalent X Token,CXT,covalent-x-token
USDE,Ethena USDe,USDE,ethena-usde
FARTCOIN,Fartcoin,FARTCOIN,fartcoin
WOOX,WOO X,WOOX,woo-network
FLAVIA,Flavia Is Online,FLAVIA,flavia-is-online
GMIKA,GMika,GMIKA,gmika
LONGHASH,LongHash Ventures,LONGHASH,
VV,VV Checks,VV,
DEFIAPP,Defi App,DEFIAPP,
SPARK,Spark,SPARK,
COIIN,Raiinmaker,COIIN,
URO,Urolithin A,$URO,urolithin-a
ONEBALANCE,OneBalance,ONEBALANCE,
SQUADS,Squads,SQUADS,
FIGMENT,Figment,FIGMENT,
TEMPORAL,Temporal,TEMPORAL,
STAKED,Staked,STAKED,
PIN,PinLink,PIN,pinlink
DAPPOS,dappOS,DAPPOS,
GUNZILLAGAMES,Gunzilla Games,GUNZILLAGAMES,
MEZO,Mezo,MEZO,
IRYS,Irys,IRYS,
BLOCKBOOSTER,BlockBooster,BLOCKBOOSTER,
BOTANIXLABS,Botanix Labs,BOTANIXLABS,
BOOMLAND,BoomLand,BOOMLAND,
NEXUS,Nexus,NEXUS,
PROJECTO,projecto,PROJECTO,
CHRONOSWORLDS,ChronosWorlds,CHRONOSWORLDS,
U2U,U2U Network,U2U,unicorn-ultra
EVE,EVE,EVE,
PENGU,Pudgy Penguins,PENGU,pudgy-penguins
IMPOSTORS,Impostors,IMPOSTORS,
ARCAIRIGCOMPLEX,AI Rig Complex,ARC,ai-rig-complex
INK,ink,INK,
GAME,GAME by Virtuals,GAME,game-by-virtuals
ZEROBASE,Zerobase,ZEROBASE,
REKT,Rekt,REKT,rekt-4
MTOS,MomoAI,MTOS,momoai
XTER,Xterio,XTER,xterio
DAOSWORLD,daos.world,DAOSWORLD,
WEBERA,WeBera Finance,WEBERA,
EQUILIBRIA,Equilibria,EQUILIBRIA,equilibria-finance
PIP,PiP,PIP,pip-3
MAGPIEPROTOCOL,Magpie Protocol,MAGPIEPROTOCOL,
PAN,Pantos,PAN,pantos
KRNL,KRNL,KRNL,
SONEIUM,Soneium,SONEIUM,
KIP,KIP,KIP,kip
CONVO,Prefrontal Cortex Convo Agent by Virtuals,CONVO,prefrontal-cortex-convo-agent-by-virtuals
PIPPIN,pippin,PIPPIN,pippin
ENDEMIC,Endemic,ENDEMIC,
TURTLECLUB,TurtleClub,TURTLECLUB,
STAR,STAR,STAR,
MLG,360noscope420blazeit,MLG,360noscope420blazeit
MAHA,Maha,MAHA,mahadao
MULTIPLI,Multipli,MULTIPLI,
YULI,YULI,YULI,yuli
SORA,Sora labs,SORA,sora-labs
KAYEN,KAYEN Protocol,KAYEN,
DAYLIGHT,Daylight,DAYLIGHT,
WLFI,World Liberty Financial,WLFI,world-liberty-financial
JELLYJELLY,Jelly-My-Jelly,JELLYJELLY,jelly-my-jelly
PORTALSPORTALS,Portals,PORTALS,
PLASMA,Plasma,PLASMA,
ZOTH,ZOTH,ZOTH,
BUZZ,Hive AI,BUZZ,hive-ai
GAIA,Gaia,GAIA,
KERNEL,Kernel DAO,KERNEL,
FLUFFLE,The Fluffle,FLUFFLE,
LGCT,Legacy Token,LGCT,legacy-token
APRIORI,aPriori,APRIORI,
MAGICMAGIC,Magic,MAGIC,
OPENMIND,OpenMind,OPENMIND,
NARRA,Narra,NARRA,
BULLET,bullet,BULLET,
VLY,Vly,VLY,
YOAKE,YOAKE,YOAKE,
LIQUIDCOL,Liquid Collective,LIQUIDCOL,
TAC,TAC,TAC,
SOVEREIGN,Sovereign,SOVEREIGN,
GRADIENT,Gradient,GRADIENT,
LEVEL,Level,LEVEL,
TBILL,OpenEden,TBILL,openeden-tbill
CORN,Corn,CORN,corn-3
RAVENQUEST,RavenQuest,RAVENQUEST,ravenquest
AXIOM,Axiom,AXIOM,
NODEOPS,NodeOps,NODEOPS,
ZOOP,Zoop,ZOOP,
CUSDO,cUSDO,CUSDO,compounding-open-dollar
MAWARI,Mawari,MAWARI,
OUTLIGHT,Outlight AI,OUTLIGHT,
BABYLON,Babylon,BABYLON,babylon
FLASH,Flash.Trade,FLASH,flash-trade
SUPERSEED,Superseed,SUPERSEED,superseed
PLANETX,PlanetX,PLANETX,
USDF,Falcon USD,USDF,falcon-finance
AIMONICA,Aimonica Brands,AIMONICA,aimonica-brands
ANGRYDYNOMITES,Angry Dynomites Lab,ANGRYDYNOMITES,
TITCOIN,titcoin,TITCOIN,titcoin-2
MOREMARKETS,MoreMarkets,MOREMARKETS,
MULTIBANK,MultiBank,MULTIBANK,
SKYAI,SkyAI,SKYAI,skyai
SUNRISE,Sunrise,SUNRISE,
LOUD,LOUD,LOUD,
WORM,Deep Worm,WORM,deep-worm
ROPIRITO,Ropirito,ROPIRITO,ropirito
SEKOIA,sekoia by Virtuals,SEKOIA,sekoia-by-virtuals
CHILLGUY,Chill Guy,CHILLGUY,chill-guy
SHEGEN,Aiwithdaddyissues,SHEGEN,aiwithdaddyissues
ACT,Act I The AI Prophecy,ACT,act-i-the-ai-prophecy
LUNALUNABYVIRTUALS,Luna by Virtuals,LUNA,luna-by-virtuals
NAVX,NAVI Protocol,NAVX,navi
HIPPO,sudeng,HIPPO,sudeng
BLUB,BLUB,BLUB,blub
CSI,CSI888,CSI,csi888
3AC,Three Arrowz Capitel,3AC,three-arrowz-capitel
MANYU,littlemanyu,MANYU,littlemanyu
PEIPEI,PeiPei,PEIPEI,peipeicoin-vip
XMW,Morphware,XMW,morphware
GRINGO,gringo,GRINGO,gringo
BWB,Bitget Wallet Token,BWB,bitget-wallet-token
COLON,Colon,COLON,colon
E,Etheism,E,etheism
VISTA,Ethervista,VISTA,ethervista
BTW,Banana Tape Wall,BTW,banana-tape-wall
EMBER,Ember Sword,EMBER,ember-sword
CETUS,Cetus Protocol,CETUS,cetus-protocol
DOGS,DOGS,DOGS,
CHUD,Chudjak,CHUD,chudjak
FBTC,Ignition FBTC,FBTC,ignition-fbtc
COOKIE,Cookie3,COOKIE,cookie
LITTIMELESS,Timeless,LIT,timeless
GROYPER,Groyper,GROYPER,groyper
KENDU,Kendu Inu,KENDU,kendu-inu
GIGA,Gigachad,GIGA,gigachad-2
BUBBLE,Imaginary Ones,BUBBLE,imaginary-ones
SPHYNX,Egypt Cat,SPHYNX,egypt-cat
ELEEIGENELEPHANT,EigenElephant,ELE,eigenelephant
IONIONICPROTOCOL,Ionic Protocol,ION,ionic-protocol
EKUBO,Ekubo Protocol,EKUBO,ekubo-protocol
IB,Iron Bank,IB,iron-bank
HERMES,Hermes Protocol,HERMES,hermes-protocol
SPEC,Spectral,SPEC,spectral
$CWIF,catwifhat,$CWIF,catwifhat-2
LINGO,Lingo,LINGO,lingo
ZENT,Zentry,ZENT,zentry
LIKE,Only1,LIKE,only1
COST,Costco Hot Dog,COST,costco-hot-dog
THRUST,Thruster,THRUST,thruster
BRETT,Brett,BRETT,based-brett
CAF,Childrens Aid Foundation,CAF,childrens-aid-foundation
NOT,Notcoin,NOT,notcoin
FOXY,Foxy,FOXY,foxy
PROPS,Propbase,PROPS,propbase
APUFF,Airpuff,APUFF,airpuff
BREED,BreederDAO,BREED,breederdao
NUB,Sillynubcat,NUB,sillynubcat
XAR,Arcana Network,XAR,arcana-token
BVM,Bitcoin Virtual Machine,BVM,bvm
FP,Forgotten Playland,FP,forgotten-playland
ZMN,ZMINE,ZMN,zmine
QSR,Quasar,QSR,quasar-2
PORK,PepeFork,PORK,pepefork
ZYN,ZynCoin,ZYN,zyncoin-2
SHUI,SHUI Finance,SHUI,shui
CNV,Concave,CNV,concave
LOOT,LootBot,LOOT,lootbot
BLT,Blocto,BLT,blocto-token
SLN,Smart Layer Network,SLN,smart-layer-network
MERLIN,Merlin Chain,MERL,merlin-chain
MAVIA,Heroes of Mavia,MAVIA,heroes-of-mavia
PANDORA,Pandora,PANDORA,pandora
ZEUS,Zeus Network,ZEUS,zeus-network
EGP,Eigenpie,EGP,eigenpie
ORDS,Ordiswap,ORDS,ordiswap-token
TAIKO,Taiko,TAIKO,taiko
AEGIS,Aegis Ai,AEGIS,aegis-ai
GRP,Grape,GRP,grape-2-2
VAL,Sora Validator Token,VAL,sora-validator-token
BCB,Blockchain Bets,BCB,blockchain-bets
FI,Fideum,FI,fideum
WELL,Moonwell,WELL,moonwell-artemis
ARCH,Archway,ARCH,archway
VEE,BLOCKv,VEE,blockv
XPET,xPet.tech,XPET,xpet-tech
OCT,Octopus Network,OCT,octopus-network
STOS,Stratos,STOS,stratos
SYNCSWAP,SyncSwap,SYNC,
FPIS,Frax Price Index Share,FPIS,frax-price-index-share
STRX,StrikeX,STRX,strikecoin
ANALOS,analoS,ANALOS,analos
CROWN,Crown by Third Time Games,CROWN,crown-by-third-time-games
ZANO,Zano,ZANO,zano
AVAAVA,AVA,AVA,concierge-io
DC,Dogechain,DC,dogechain
IDIA,Impossible Finance Launchpad,IDIA,idia
DEGO,Dego Finance,DEGO,dego-finance
XETA,XANA,XETA,xana
CLORE,Clore.ai,CLORE,clore-ai
XNA,Neurai,XNA,neurai
WRLD,NFT Worlds,WRLD,nft-worlds
WAGMIGAMES,WAGMI Games,WAGMIGAMES,wagmi-game-2
RSTK,Restake Finance,RSTK,restake-finance
FLIX,OmniFlix Network,FLIX,omniflix-network
AURABAL,Aura BAL,AURABAL,aura-bal
XAVA,Avalaunch,XAVA,avalaunch
BZR,Bazaars,BZR,bazaars
FCT,FirmaChain,FCT,firmachain
KIN,Kin,KIN,kin
DNX,Dynex,DNX,dynex
JUNO,Juno,JUNO,juno-network
VNO,Veno Finance,VNO,veno-finance
PAID,PAID Network,PAID,paid-network
ALTLAYER,AltLayer,ALT,altlayer
TET,Tectum,TET,tectum
PICA,Picasso,PICA,picasso
WIF,dogwifhat,WIF,dogwifcoin
SCS,Solcasino Token,SCS,solcasino-token
MPLX,Metaplex,MPLX,metaplex
TOKAMAK,Tokamak Network,TON,tokamak-network
CNC,Conic Finance,CNC,conic-finance
RADWORKS,Radworks,RAD,radicle
MYRIA,Myria,MYRIA,myria
WE,WeBuy,WE,webuy
NTRN,Neutron,NTRN,neutron-3
BORG,SwissBorg,BORG,swissborg
EDGT,Edgecoin,EDGT,edgecoin-2
AEVO,Aevo,AEVO,aevo-exchange
KUJI,Kujira,KUJI,kujira
AGRS,Agoras: Currency of Tau,AGRS,agoras-currency-of-tau
INSP,Inspect,INSP,inspect
RSC,ResearchCoin,RSC,researchcoin
RON,Ronin,RON,ronin
DEXE,DeXe,DEXE,dexe
PUSH,Push Protocol,PUSH,ethereum-push-notification-service
SD,Stader,SD,stader
X2Y2,X2Y2,X2Y2,x2y2
WITCH,Witch Token,WITCH,witch-token
SHIA,Shiba Saga,SHIA,shiba-saga
APX,AstroPepeX,APX,astropepex
XOR,Sora,XOR,sora
ZTX,ZTX,ZTX,ztx
DCK,DexCheck,DCK,dexcheck
MANTA,Manta Network,MANTA,manta-network
GGG,Good Games Guild,GGG,good-games-guild
KEY,Selfkey,KEY,selfkey
GFT,Gifto,GFT,gifto
GYEN,GYEN,GYEN,gyen
COVAL,Circuits of Value,COVAL,circuits-of-value
MEASURABLE-DATA-TOKEN-MDT,Measurable Data Token,MDT,measurable-data-token
GFI,Goldfinch,GFI,goldfinch
SATS,SATS (Ordinals),SATS,sats-ordinals
UNFI,Unifi Protocol DAO,UNFI,unifi-protocol-dao
CRPT,Crypterium,CRPT,crypterium
YNE,yesnoerror,YNE,yne
LUMIA,Lumia,LUMIA,lumia
MCG,MetalCore,MCG,metalcore
FRIC,FRIC,FRIC,fric
GRIFFAIN,GRIFFAIN,GRIFFAIN,griffain
M3M3,M3M3,M3M3,m3m3
AEG,Aether Games,AEG,aether-games
DEXT,DexTools,DEXT,dextools
LIT,Litentry,LIT,litentry
VARA,Vara Network,VARA,vara-network
OGV,Origin DeFi Governance,OGV,origin-dollar-governance
STRD,Stride,STRD,stride
GAS,Gas,GAS,gas
CHESS,Tranchess,CHESS,tranchess
VITE,Vite,VITE,vite
JAM,Geojam,JAM,geojam
EIGENLAYER,Eigenlayer,EIGEN,eigenlayer
SILO,Silo Finance,SILO,silo-finance
NFTX,NFTX,NFTX,nftx
BORING,BoringDAO,BORING,boringdao
OHM,Olympus,OHM,olympus
AERO,Aerodrome,AERO,aerodrome-finance
CYBER,CyberConnect,CYBER,cyberconnect
TOMI,tomiNet,TOMI,tominet
CHEEL,Cheelee,CHEEL,cheelee
SALT,SALT,SALT,salt
ARKM,Arkham,ARKM,arkham
DCR,Decred,DCR,decred
XTZ,Tezos,XTZ,tezos
ZIL,Zilliqa,ZIL,zilliqa
NEXO,Nexo,NEXO,nexo
BSV,Bitcoin SV,BSV,bitcoin-cash-sv
FLOW,Flow,FLOW,flow
PAXG,PAX Gold,PAXG,pax-gold
KSM,Kusama,KSM,kusama
AR,Arweave,AR,arweave
COMP,Compound,COMP,compound-governance-token
CAKE,PancakeSwap,CAKE,pancakeswap-token
1INCH,1inch Network,1INCH,1inch
MINA,Mina,MINA,mina-protocol
CVX,Convex Finance,CVX,convex-finance
DGB,DigiByte,DGB,digibyte
ARDR,Ardor,ARDR,ardor
POWR,Powerledger,POWR,power-ledger
WAXP,WAX,WAXP,wax
CEEK,CEEK VR,CEEK,ceek
DAG,Constellation,DAG,constellation-labs
ANKR,Ankr,ANKR,ankr
CELR,Celer Network,CELR,celer-network
FX,Function X,FX,fx-coin
RSR,Reserve Rights,RSR,reserve-rights-token
MX,MX TOKEN,MX,mx-token
UOS,Ultra,UOS,ultra
KEEP,Keep Network,KEEP,keep-network
BOND,BarnBridge,BOND,barnbridge
AUDIO,Audius,AUDIO,audius
XYM,Symbol,XYM,symbol
JOE,JOE,JOE,joe
REP,Augur,REP,augur
STRAX,Stratis,STRAX,stratis
UQC,Uquid Coin,UQC,uquid-coin
STMX,StormX,STMX,storm
XYO,XYO,XYO,xyo-network
HXRO,Hxro,HXRO,hxro
ZEON,ZEON,ZEON,zeon
SAFE,Safe,SAFE,safe
BTCB,Bitcoin BEP2,BTCB,bitcoin-bep2
VLX,Velas,VLX,velas
OGN,Origin Protocol,OGN,origin-protocol
CTC,Creditcoin,CTC,creditcoin-2
CTSI,Cartesi,CTSI,cartesi
GAL,Galxe,GAL,project-galaxy
OSMO,Osmosis,OSMO,osmosis
VVS,VVS Finance,VVS,vvs-finance
BOBA,Boba Network,BOBA,boba-network
LUNA,Terra,LUNA,terra-luna-2
MLN,Enzyme,MLN,melon
DIVI,Divi,DIVI,divi
HEDG,HedgeTrade,HEDG,hedgetrade
VRA,Verasity,VRA,verasity
CTCN,CONTRACOIN,CTCN,contracoin
POLS,Polkastarter,POLS,polkastarter
TRIBE,Tribe,TRIBE,tribe-2
TLM,Alien Worlds,TLM,alien-worlds
MOVR,Moonriver,MOVR,moonriver
BETA,Beta Finance,BETA,beta-finance
DAR,Mines of Dalarnia,DAR,mines-of-dalarnia
H2O,H2O DAO,H2O,h2o-dao
PRE,Presearch,PRE,presearch
AGIX,SingularityNET,AGIX,singularitynet
BMX,BitMart Token,BMX,bitmart-token
CRE,Carry,CRE,carry
AMPL,Ampleforth,AMPL,ampleforth
KAI,KardiaChain,KAI,kardiachain
PHA,Phala Network,PHA,pha
FARM,Harvest Finance,FARM,harvest-finance
LINA,Linear Finance,LINA,linear
CLV,Clover Finance,CLV,clover-finance
ALPACA,Alpaca Finance,ALPACA,alpaca-finance
EFI,Efinity Token,EFI,efinity
STARL,Starlink,STARL,starlink
RBN,Ribbon Finance,RBN,ribbon-finance
SOS,OpenDAO,SOS,opendao
LEVER,LeverFi,LEVER,lever
WORLDCOIN,Worldcoin,WLD,worldcoin-wld
BLUR,Blur,BLUR,blur
RDNT,Radiant Capital,RDNT,radiant-capital
SUDO,Sudoswap,SUDO,sudoswap
PSI,TridentDAO,PSI,tridentdao
NFTFI,NFTfi,NFTFI,nftfi
